<?xml version="1.0" encoding="UTF-8"?>
<Configuration monitorinterval="100">
    <Properties>
        <!--工程的名称 每个项目配置自己的工程名称-->
        <Property name="APPLICATION_NAME" value="index-admin-console"/>

        <!--日志格式 记录要素1 事件的日期 事件级别 线程信息 请求的ip 处理程序名 方法 行号
        (事件类型  事件内容(用户操作 操作对象 业务编号) 事件执行的结果信息 事件的开始结束时间(hh:mm:ss：hh:mm:ss) )-->
        <property name="LOG_PATTERN"
                  value="%d{yyyy-MM-dd HH:mm:ss} %-5level [%t] %X{ip} [%X{traceId} ${APPLICATION_NAME} %C{1.} %M %L] %m%n"/>

        <!--日志存储的地址-->
        <Property name="FILE_PATH" value="/data/logs"/>
    </Properties>
    <Appenders>
        <Console name="Console" target="SYSTEM_OUT" follow="true">
            <PatternLayout pattern="${LOG_PATTERN}"/>
            <!--控制台只输出level及其以上级别的信息（onMatch），其他的直接拒绝（onMismatch）-->
            <ThresholdFilter level="debug" onMatch="ACCEPT" onMismatch="DENY"/>
        </Console>

        <!--文件会打印出所有信息，这个log每次运行程序会自动清空，由append属性决定，适合临时测试用 上生产需关闭-->
        <!--<File name="testFile" fileName="${FILE_PATH}/${APPLICATION_NAME}_test.log" append="false">-->
        <!--<PatternLayout pattern="${LOG_PATTERN}"/>-->
        <!--</File>-->

        <!-- 这个会打印出所有的error及以下级别的信息，每次大小超过size，则这size大小的日志会自动存入按年份-月份建立的文件夹下面并进行压缩，作为存档-->
        <RollingFile name="RollingFileError" fileName="${FILE_PATH}/${APPLICATION_NAME}-error.log"
                     filePattern="${FILE_PATH}/${APPLICATION_NAME}-error-%d{yyyy-MM-dd}.log.gz">
            <PatternLayout pattern="${LOG_PATTERN}"/>
            <!-- log文件只打印error级别信息 -->
            <ThresholdFilter level="error" onMatch="ACCEPT" onMismatch="DENY"/>
            <Policies>
                <!-- 基于时间的触发策略。该策略主要是完成周期性的log文件封存工作。有两个参数： interval，integer型，指定两次封存动作之间的时间间隔。单位:以日志的命名精度来确定单位，
                     比如yyyy-MM-dd-HH 单位为小时，yyyy-MM-dd-HH-mm 单位为分钟 modulate，boolean型，说明是否对封存时间进行调制。若modulate=true，
                     则封存时间将以0点为边界进行偏移计算。比如，modulate=true，interval=4hours， 那么假设上次封存日志的时间为03:00，则下次封存日志的时间为04:00，
                     之后的封存时间依次为08:00，12:00，16:00 -->
                <TimeBasedTriggeringPolicy modulate="true" interval="1"/>
                <SizeBasedTriggeringPolicy size="50MB"/>
            </Policies>
            <!-- DefaultRolloverStrategy属性如不设置，则默认为最多同一文件夹下7个文件开始覆盖-->
            <DefaultRolloverStrategy max="15"/>
        </RollingFile>

        <!-- 这个会打印出所有的info及以下级别的信息，每次大小超过size，则这size大小的日志会自动存入按年份-月份建立的文件夹下面并进行压缩，作为存档-->
        <RollingFile name="RollingFileInfo" fileName="${FILE_PATH}/${APPLICATION_NAME}-info.log"
                     filePattern="${FILE_PATH}/${APPLICATION_NAME}-info-%d{yyyy-MM-dd}.log.gz">
            <PatternLayout pattern="${LOG_PATTERN}"/>
            <!-- log文件只打印error级别信息 -->
            <ThresholdFilter level="info" onMatch="ACCEPT" onMismatch="DENY"/>
            <Policies>
                <!--interval属性用来指定多久滚动一次-->
                <TimeBasedTriggeringPolicy modulate="true" interval="1"/>
                <!--                <SizeBasedTriggeringPolicy size="50MB"/>-->
            </Policies>
            <!-- DefaultRolloverStrategy属性如不设置，则默认为最多同一文件夹下7个文件开始覆盖-->
            <DefaultRolloverStrategy max="15"/>
        </RollingFile>

    </Appenders>
    <Loggers>

        <!--若是additivity设为false，则 子Logger 只会在自己的appender里输出，而不会在 父Logger 的appender里输出。-->
        <Logger name="com.jihui.com" level="debug" additivity="false">
            <AppenderRef ref="Console"/>
            <AppenderRef ref="RollingFileDebug"/>
        </Logger>
        <Logger name="org.apache.kafka.common.config" level="info" additivity="false">
            <AppenderRef ref="Console"/>
            <AppenderRef ref="RollingFileDebug"/>
        </Logger>


        <!-- 输出info级别信息 Root 节点不可删除，但是root的level 可以在yml文件中配置-->
        <Root>
            <AppenderRef ref="Console"/>
            <AppenderRef ref="testFile"/>
            <AppenderRef ref="RollingFileError"/>
            <AppenderRef ref="RollingFileInfo"/>
            <!--<AppenderRef ref="RollingFileDebug"/>-->
        </Root>
    </Loggers>
</Configuration>