<?xml version="1.0" encoding="UTF-8"?>
<configuration status="warn" monitorInterval="30">
    <!--先定义所有的appender-->
    <properties>
        <property name="LOG_HOME">/data/logs</property>
    </properties>
    <appenders>
        <console name="Console" target="SYSTEM_OUT">
            <PatternLayout pattern="[%d{yyyy-MM-dd HH:mm:ss:SSS}] [%traceId] [%t] %p %logger - %m%n"/>
        </console>
        <!--默认保存7个文件-->
        <RollingFile name="AppLog" fileName="${LOG_HOME}/app.log"
                     filePattern="${LOG_HOME}/myapp-%d{yyyy-MM-dd}-%i.log.gz">
            <PatternLayout pattern="[%d{yyyy-MM-dd HH:mm:ss:SSS}] [%t] %p %logger - %m%n" />
            <Policies>
                <TimeBasedTriggeringPolicy interval="1" modulate="true"/>
                <SizeBasedTriggeringPolicy size="200MB"/>
            </Policies>
            <Filters>
                <!--不记录ERROR级别日志-->
                <ThresholdFilter level="ERROR" onMatch="DENY" onMismatch="NEUTRAL"/>
            </Filters>
            <DefaultRolloverStrategy max="30">
                <Delete basePath="${LOG_HOME}logs/" maxDepth="2">
                    <IfFileName glob="*.gz"/>
                    <IfLastModified age="7d"/>
                </Delete>
            </DefaultRolloverStrategy>
        </RollingFile>
        <!--默认保存7个文件-->
        <RollingFile name="ErrorLog" fileName="${LOG_HOME}/err.log"
                     filePattern="${LOG_HOME}/err-%d{yyyy-MM-dd}-%i.log.gz">
            <PatternLayout pattern="[%d{yyyy-MM-dd HH:mm:ss:SSS}] [%t] %p %logger - %m%n" />
            <SizeBasedTriggeringPolicy size="200MB"/>
            <Filters>
                <!--只记录ERROR级别日志-->
                <ThresholdFilter level="ERROR" onMatch="ACCEPT" onMismatch="DENY"/>
            </Filters>
            <DefaultRolloverStrategy max="30">
                <Delete basePath="${LOG_HOME}logs/" maxDepth="2">
                    <IfFileName glob="*.gz"/>
                    <IfLastModified age="7d"/>
                </Delete>
            </DefaultRolloverStrategy>
        </RollingFile>
    </appenders>

    <loggers>
        <logger name="org.apache.kafka" level="INFO"></logger>
        <logger name="com.jiahui" level="INFO"></logger>
        <root level="INFO">
            <AppenderRef ref="Console"/>
            <appender-ref ref="AppLog"/>
            <appender-ref ref="ErrorLog"/>
        </root>
    </loggers>
</configuration>