<?xml version="1.0" encoding="UTF-8"?>
<!DOCTYPE mapper PUBLIC "-//mybatis.org//DTD Mapper 3.0//EN"
        "http://mybatis.org/dtd/mybatis-3-mapper.dtd">
<mapper namespace="com.jiahui.adminconsole.mapper.ApplicationMapper">

    <resultMap id="BaseResultMap" type="com.jiahui.adminconsole.po.ApplicationInfo" >
        <result column="app_name" property="appName" />
        <result column="audit_status" property="auditStatus" />
        <result column="audit_time" property="auditTime" />
        <result column="enabled" property="enabled" />
        <result column="create_time" property="createTime" />
        <result column="create_user" property="createUser" />
        <result column="update_time" property="updateTime" />
        <result column="update_user" property="updateUser" />
    </resultMap>

    <sql id="Base_Column_List">
        app_name,
                audit_status,
                audit_time,
                enabled,
                create_time,
                create_user,
                update_time,
                update_user
    </sql>


</mapper>