<?xml version="1.0" encoding="UTF-8"?>
<!DOCTYPE mapper PUBLIC "-//mybatis.org//DTD Mapper 3.0//EN"
        "http://mybatis.org/dtd/mybatis-3-mapper.dtd">
<mapper namespace="com.jiahui.adminconsole.mapper.IndexConfigMapper">

    <resultMap id="BaseResultMap" type="com.jiahui.adminconsole.po.IndexConfig" >
        <result column="index_name" property="indexName" />
        <result column="index_alias" property="indexAlias" />
        <result column="refresh_interval" property="refreshInterval" />
        <result column="number_of_shards" property="numberOfShards" />
        <result column="number_of_replicas" property="numberOfReplicas" />
        <result column="index_route_keys" property="indexRouteKeys" />
        <result column="audit_status" property="auditStatus" />
        <result column="audit_time" property="auditTime" />
        <result column="biz_status" property="bizStatus" />
        <result column="create_user" property="createUser" />
        <result column="update_time" property="updateTime" />
        <result column="update_user" property="updateUser" />
    </resultMap>

    <sql id="Base_Column_List">
        index_name,
                index_alias,
                refresh_interval,
                number_of_shards,
                number_of_replicas,
                index_route_keys,
                audit_status,
                audit_time,
                biz_status,
                create_time,
                create_user,
                update_time,
                update_user
    </sql>


</mapper>