<?xml version="1.0" encoding="UTF-8"?>
<!DOCTYPE mapper PUBLIC "-//mybatis.org//DTD Mapper 3.0//EN"
        "http://mybatis.org/dtd/mybatis-3-mapper.dtd">
<mapper namespace="com.jiahui.adminconsole.mapper.IndexFieldConfigMapper">

    <resultMap id="BaseResultMap" type="com.jiahui.adminconsole.po.IndexFieldConfig" >
        <result column="index_config_id" property="indexConfigId" />
        <result column="field_name" property="fieldName" />
        <result column="field_type" property="fieldType" />
        <result column="index_analyzer" property="indexAnalyzer" />
        <result column="search_analyzer" property="searchAnalyzer" />
        <result column="norms" property="norms" />
        <result column="null_value" property="nullValue" />
        <result column="biz_status" property="bizStatus" />
        <result column="create_user" property="createUser" />
        <result column="update_user" property="updateUser" />
    </resultMap>

    <sql id="Base_Column_List">
        index_config_id,
                field_name,
                field_type,
                index_analyzer,
                search_analyzer,
                norms,
                null_value,
                biz_status,
                create_time,
                create_user,
                update_time,
                update_user
    </sql>


</mapper>