<?xml version="1.0" encoding="UTF-8"?>
<!DOCTYPE mapper PUBLIC "-//mybatis.org//DTD Mapper 3.0//EN"
        "http://mybatis.org/dtd/mybatis-3-mapper.dtd">
<mapper namespace="com.jiahui.adminconsole.mapper.PluginConfigMapper">

    <resultMap id="BaseResultMap" type="com.jiahui.adminconsole.po.PluginConfig" >
        <result column="index_id" property="indexId" />
        <result column="full_sync_sql" property="fullSyncSql" />
        <result column="full_sync_range_sql" property="fullSyncRangeSql" />
        <result column="full_sync_config" property="fullSyncConfig" />
        <result column="full_sync_db_name" property="fullSyncDbName" />
        <result column="incr_sync_config" property="incrSyncConfig" />
        <result column="incr_sync_db_names" property="incrSyncDbNames" />
        <result column="incr_sync_type" property="incrSyncType" />
        <result column="id_field_name" property="idFieldName" />
        <result column="wrapper_jar_url" property="wrapperJarUrl" />
        <result column="wrapper_class" property="wrapperClass" />
        <result column="status" property="status" />
        <result column="create_time" property="createTime" />
        <result column="create_user" property="createUser" />
        <result column="update_time" property="updateTime" />
        <result column="update_user" property="updateUser" />
    </resultMap>

    <sql id="Base_Column_List">
        index_id,
                full_sync_sql,
                full_sync_range_sql,
                full_sync_config,
                full_sync_db_name,
                incr_sync_config,
                incr_sync_db_names,
                incr_sync_type,
                id_field_name,
                wrapper_jar_url,
                wrapper_class,
                status,
                create_time,
                create_user,
                update_time,
                update_user
    </sql>
    <insert id="batchInsert">

        INSERT IGNORE INTO plugin_config
        <trim prefix="(" suffix=")" suffixOverrides=",">
            index_id,
            full_sync_sql,
            full_sync_range_sql,
            full_sync_config,
            full_sync_db_name,
            incr_sync_config,
            incr_sync_db_names,
            incr_sync_type,
            id_field_name,
            wrapper_jar_url,
            wrapper_class,
            status,
            create_user,
            update_user
        </trim>
        values
        <foreach collection="list" item="dto" separator=",">
            (
            #{dto.indexId},
            #{dto.fullSyncSql},
            #{dto.fullSyncRangeSql},
            #{dto.fullSyncConfig},
            #{dto.fullSyncDbName},
            #{dto.incrSyncConfig},
            #{dto.incrSyncDbNames},
            #{dto.incrSyncType},
            #{dto.idFieldName},
            #{dto.wrapperJarUrl},
            #{dto.wrapperClass},
            #{dto.status},
            #{dto.createUser},
            #{dto.updateUser}
            )
        </foreach>

    </insert>


</mapper>
