{
  "appname": "${spring:spring.application.name}",
  "current_time": {
    "$resolver": "timestamp"
  },
  "t_id": {
    "$resolver": "pattern",
    "pattern": "%traceId",
    "stackTraceEnabled": false
  },
  "mdc": {
    "$resolver": "mdc",
    "stringified": true
  },
  "thread_name": {
    "$resolver": "thread",
    "field": "name"
  },
  "level": {
    "$resolver": "level",
    "field": "name"
  },
  "logger_name": {
    "$resolver": "logger",
    "field": "name"
  },
  "message": {
    "$resolver": "message",
    "stringified": true
  },
  "exception_class": {
    "$resolver": "exception",
    "field": "className"
  },
  "exception_msg": {
    "$resolver": "exception",
    "field": "message"
  },
  "stack_trace": {
    "$resolver": "exception",
    "field": "stackTrace",
    "stackTrace": {
      "stringified": true
    }
  },
  "source_host": "${hostName}",
  "appversion": "${spring:spring.cloud.nacos.discovery.metadata.version}",
  "appenv": "${spring:spring.profiles.active}"
}