<?xml version="1.0" encoding="UTF-8"?>
<configuration status="warn" monitorInterval="30">
    <!--先定义所有的appender-->
    <properties>
        <property name="LOG_HOME">/data/</property>
    </properties>
    <appenders>
        <!--默认保存7个文件-->
        <RollingFile name="AppLog" fileName="${LOG_HOME}logs/myapp.log.json"
                     filePattern="${LOG_HOME}logs/myapp-%d{yyyy-MM-dd}-%i.log.gz">
            <JsonTemplateLayout eventTemplateUri="classpath:JHJsonEventLayoutV1.json" maxStringLength="32768"/>
            <Policies>
                <TimeBasedTriggeringPolicy interval="1" modulate="true"/>
                <SizeBasedTriggeringPolicy size="200MB"/>
            </Policies>
            <Filters>
                <!--不记录ERROR级别日志-->
                <ThresholdFilter level="ERROR" onMatch="DENY" onMismatch="NEUTRAL"/>
            </Filters>
            <DefaultRolloverStrategy max="30">
                <Delete basePath="${LOG_HOME}logs/" maxDepth="2">
                    <IfFileName glob="*.gz"/>
                    <IfLastModified age="7d"/>
                </Delete>
            </DefaultRolloverStrategy>
        </RollingFile>
        <!--默认保存7个文件-->
        <RollingFile name="ErrorLog" fileName="${LOG_HOME}logs/err.log.json"
                     filePattern="${LOG_HOME}logs/err-%d{yyyy-MM-dd}-%i.log.gz">
            <JsonTemplateLayout eventTemplateUri="classpath:JHJsonEventLayoutV1.json" maxStringLength="32768"/>
            <SizeBasedTriggeringPolicy size="200MB"/>
            <Filters>
                <!--只记录ERROR级别日志-->
                <ThresholdFilter level="ERROR" onMatch="ACCEPT" onMismatch="DENY"/>
            </Filters>
            <DefaultRolloverStrategy max="30">
                <Delete basePath="${LOG_HOME}logs/" maxDepth="2">
                    <IfFileName glob="*.gz"/>
                    <IfLastModified age="7d"/>
                </Delete>
            </DefaultRolloverStrategy>
        </RollingFile>
    </appenders>

    <loggers>
        <logger name="org.springframework" level="INFO"></logger>
        <logger name="org.mybatis" level="INFO"></logger>
        <logger name="org.apache.kafka" level="INFO">></logger>
        <logger name="com.jiahui" level="INFO"></logger>
        <logger name="com.alibaba.nacos.client.naming" level="WARN"></logger>
        <logger name="okhttp3" level="WARN"></logger>
        <root level="INFO">
            <appender-ref ref="AppLog"/>
            <appender-ref ref="ErrorLog"/>
        </root>
    </loggers>
</configuration>