<?xml version="1.0" encoding="UTF-8"?>
<!DOCTYPE mapper PUBLIC "-//mybatis.org//DTD Mapper 3.0//EN" "http://mybatis.org/dtd/mybatis-3-mapper.dtd">
<mapper namespace="com.jiahui.search.repository.dao.ApplicationMapper">

<!--    &lt;!&ndash; 通用查询映射结果 &ndash;&gt;-->
<!--    <resultMap id="BaseResultMap" type="com.jiahui.search.entity.Application">-->
<!--        <id column="id" property="id" />-->
<!--        <result column="app_name" property="appName" />-->
<!--        <result column="app_key" property="appKey" />-->
<!--        <result column="audit_status" property="auditStatus" />-->
<!--        <result column="audit_time" property="auditTime" />-->
<!--        <result column="enabled" property="enabled" />-->
<!--        <result column="create_time" property="createTime" />-->
<!--        <result column="create_user" property="createUser" />-->
<!--        <result column="update_time" property="updateTime" />-->
<!--        <result column="update_user" property="updateUser" />-->
<!--    </resultMap>-->

<!--    &lt;!&ndash; 通用查询结果列 &ndash;&gt;-->
<!--    <sql id="Base_Column_List">-->
<!--        id, app_name,  app_key, audit_status, audit_time, enabled,   update_time, update_user, create_time, create_user-->
<!--    </sql>-->


</mapper>
