<?xml version="1.0" encoding="UTF-8"?>
<!DOCTYPE mapper PUBLIC "-//mybatis.org//DTD Mapper 3.0//EN" "http://mybatis.org/dtd/mybatis-3-mapper.dtd">
<mapper namespace="com.jiahui.oss.mapper.StaticRecordMapper">

    <resultMap id="StaticRecordResultMap" type="com.jiahui.oss.entity.commonoss.StaticRecordEntity">
        <id column="id" jdbcType="INTEGER" property="id" />
        <result column="platform_type" jdbcType="TINYINT" property="platformType" />
        <result column="file_key" jdbcType="VARCHAR" property="fileKey" />
        <result column="bucket" jdbcType="VARCHAR" property="bucket" />
        <result column="file_path" jdbcType="VARCHAR" property="filePath" />
        <result column="del_type" jdbcType="TINYINT" property="delType" />
        <result column="create_time" jdbcType="TIMESTAMP" property="createTime" />
        <result column="update_time" jdbcType="TIMESTAMP" property="updateTime" />

        <!--  迁移数据的字段记录  -->
        <result column="transfer_db" jdbcType="VARCHAR" property="transferDb" />
        <result column="transfer_table" jdbcType="VARCHAR" property="transferTable" />
        <result column="transfer_id" jdbcType="VARCHAR" property="transferId" />
    </resultMap>

    <sql id="Base_Record_Column_List">
        id, platform_type, file_key, bucket, file_path, del_type, create_time, update_time
    </sql>

    <select id="getStaticRecordByFileKey" resultMap="StaticRecordResultMap">
        SELECT
            <include refid="Base_Record_Column_List" />
        FROM ${tableName}
        WHERE file_key = #{fileKey,jdbcType=VARCHAR}
        LIMIT 1
    </select>

    <insert id="insertStaticRecord" parameterType="com.jiahui.oss.entity.commonoss.StaticRecordEntity">
        INSERT INTO ${tableName}
            (platform_type, file_key, bucket, file_path)
        VALUES (#{staticRecordEntity.platformType,jdbcType=TINYINT}, #{staticRecordEntity.fileKey,jdbcType=VARCHAR},
                #{staticRecordEntity.bucket,jdbcType=VARCHAR}, #{staticRecordEntity.filePath,jdbcType=VARCHAR})
    </insert>

    <!--历史数据清洗插入-->
    <insert id="insertStaticRecordClean" parameterType="com.jiahui.oss.entity.commonoss.StaticRecordEntity">
        INSERT INTO ${tableName}
            (platform_type, file_key, bucket, file_path, transfer_db, transfer_table, transfer_id)
        VALUES (#{staticRecordEntity.platformType,jdbcType=TINYINT}, #{staticRecordEntity.fileKey,jdbcType=VARCHAR},
                #{staticRecordEntity.bucket,jdbcType=VARCHAR}, #{staticRecordEntity.filePath,jdbcType=VARCHAR},
                #{staticRecordEntity.transferDb,jdbcType=VARCHAR}, #{staticRecordEntity.transferTable,jdbcType=VARCHAR},
                #{staticRecordEntity.transferId,jdbcType=VARCHAR})
    </insert>

    <insert id="batchInsertStaticRecord" useGeneratedKeys="false" parameterType="java.util.List">
        <foreach collection ="staticRecordList" item="record" separator =";">
            INSERT INTO ${tableName}
                (platform_type, file_key, bucket, file_path, transfer_db, transfer_table, transfer_id)
            VALUES
                (#{record.platformType,jdbcType=TINYINT}, #{record.fileKey,jdbcType=VARCHAR}, #{record.bucket,jdbcType=VARCHAR},
                 #{record.filePath,jdbcType=VARCHAR},#{record.transferDb,jdbcType=VARCHAR}, #{record.transferTable,jdbcType=VARCHAR},
                 #{record.transferId,jdbcType=VARCHAR})
        </foreach >
    </insert>

</mapper>