<?xml version="1.0" encoding="UTF-8"?>
<!DOCTYPE mapper PUBLIC "-//mybatis.org//DTD Mapper 3.0//EN" "http://mybatis.org/dtd/mybatis-3-mapper.dtd">
<mapper namespace="com.jiahui.im.modules.common.mapper.CcSysUserExtMapper">
  <resultMap id="BaseResultMap" type="com.jiahui.im.modules.common.entity.CcSysUserExtEntity">
    <id column="id" jdbcType="BIGINT" property="id" />
    <result column="kefu_id" jdbcType="BIGINT" property="kefuId" />
    <result column="receiving_num" jdbcType="INTEGER" property="receivingNum" />
    <result column="create_time" jdbcType="TIMESTAMP" property="createTime" />
    <result column="update_time" jdbcType="TIMESTAMP" property="updateTime" />
  </resultMap>

  <resultMap id="ReceptNumDtoMap" type="com.jiahui.im.modules.common.dto.chat.CcReceptNumDto">
    <result column="kefu_id" jdbcType="BIGINT" property="kefuId" />
    <result column="user_name" jdbcType="VARCHAR" property="userName" />
    <result column="full_name" jdbcType="VARCHAR" property="fullName" />
    <result column="head_url" jdbcType="VARCHAR" property="headUrl" />
    <result column="dept_id" jdbcType="BIGINT" property="deptId" />
    <result column="receiving_num" jdbcType="INTEGER" property="receivingNum" />
    <result column="recept_num" jdbcType="INTEGER" property="receptNum" />
  </resultMap>

  <sql id="Base_Column_List">
    id, kefu_id, receiving_num, create_time, update_time
  </sql>
  <select id="selectByPrimaryKey" parameterType="java.lang.Long" resultMap="BaseResultMap">
    select 
    <include refid="Base_Column_List" />
    from cc_sys_user_ext
    where id = #{id,jdbcType=BIGINT}
  </select>
  <delete id="deleteByPrimaryKey" parameterType="java.lang.Long">
    delete from cc_sys_user_ext
    where id = #{id,jdbcType=BIGINT}
  </delete>
  <insert id="insert" keyColumn="id" keyProperty="id" parameterType="com.jiahui.im.modules.common.entity.CcSysUserExtEntity" useGeneratedKeys="true">
    insert into cc_sys_user_ext (kefu_id, receiving_num, create_time, 
      update_time)
    values (#{kefuId,jdbcType=BIGINT}, #{receivingNum,jdbcType=INTEGER}, #{createTime,jdbcType=TIMESTAMP}, 
      #{updateTime,jdbcType=TIMESTAMP})
  </insert>
  <insert id="insertSelective" keyColumn="id" keyProperty="id" parameterType="com.jiahui.im.modules.common.entity.CcSysUserExtEntity" useGeneratedKeys="true">
    insert into cc_sys_user_ext
    <trim prefix="(" suffix=")" suffixOverrides=",">
      <if test="kefuId != null">
        kefu_id,
      </if>
      <if test="receivingNum != null">
        receiving_num,
      </if>
      <if test="createTime != null">
        create_time,
      </if>
      <if test="updateTime != null">
        update_time,
      </if>
    </trim>
    <trim prefix="values (" suffix=")" suffixOverrides=",">
      <if test="kefuId != null">
        #{kefuId,jdbcType=BIGINT},
      </if>
      <if test="receivingNum != null">
        #{receivingNum,jdbcType=INTEGER},
      </if>
      <if test="createTime != null">
        #{createTime,jdbcType=TIMESTAMP},
      </if>
      <if test="updateTime != null">
        #{updateTime,jdbcType=TIMESTAMP},
      </if>
    </trim>
  </insert>
  <update id="updateByPrimaryKeySelective" parameterType="com.jiahui.im.modules.common.entity.CcSysUserExtEntity">
    update cc_sys_user_ext
    <set>
      <if test="kefuId != null">
        kefu_id = #{kefuId,jdbcType=BIGINT},
      </if>
      <if test="receivingNum != null">
        receiving_num = #{receivingNum,jdbcType=INTEGER},
      </if>
      <if test="createTime != null">
        create_time = #{createTime,jdbcType=TIMESTAMP},
      </if>
      <if test="updateTime != null">
        update_time = #{updateTime,jdbcType=TIMESTAMP},
      </if>
    </set>
    where id = #{id,jdbcType=BIGINT}
  </update>
  <update id="updateByPrimaryKey" parameterType="com.jiahui.im.modules.common.entity.CcSysUserExtEntity">
    update cc_sys_user_ext
    set kefu_id = #{kefuId,jdbcType=BIGINT},
      receiving_num = #{receivingNum,jdbcType=INTEGER},
      create_time = #{createTime,jdbcType=TIMESTAMP},
      update_time = #{updateTime,jdbcType=TIMESTAMP}
    where id = #{id,jdbcType=BIGINT}
  </update>

  <select id="selectAllocatable" resultMap="ReceptNumDtoMap">
    select t1.id kefu_id, t1.user_name, t1.full_name, t1.head_url, t1.dept_id,
           t2.receiving_num, ifnull(t3.recept_num, 0) recept_num
    from cc_sys_user t1
    inner join cc_sys_user_ext t2 on t1.id = t2.kefu_id
    left join
    (
      select kefu_id, count(distinct conversation_id) recept_num
      from cc_user_bind_record
      where event_type in
        <foreach collection="eventTypeList" item="eventType" separator=","  open="(" close=")">
          #{eventType}
        </foreach>
      and create_time > cast(curdate() as datetime)
      group by kefu_id
    ) t3 on t1.id = t3.kefu_id
    where t1.delete_flag = 0
    and t1.status = 1
    and t1.chat_status = 1
    and t2.receiving_num &lt; #{receptLimit}
    and t1.dept_id = 1
    and exists(select 1 from cc_sys_user_group where user_id = t1.id and group_id in (1,2))
    and exists(select 1 from cc_sys_user_role where user_id = t1.id and role_id = 25)
  </select>

  <update id="incrReceivingNum">
    update cc_sys_user_ext
    set receiving_num = receiving_num + 1
    where kefu_id = #{kefuId}
      and receiving_num &lt; #{receptLimit}
  </update>

  <update id="decrReceivingNum">
    update cc_sys_user_ext
    set receiving_num = receiving_num - 1
    where kefu_id = #{kefuId} and receiving_num &gt; 0
  </update>
</mapper>