<?xml version="1.0" encoding="UTF-8"?>
<!DOCTYPE mapper PUBLIC "-//mybatis.org//DTD Mapper 3.0//EN" "http://mybatis.org/dtd/mybatis-3-mapper.dtd">
<mapper namespace="com.jiahui.im.modules.common.mapper.CcUserMapper">
  <resultMap id="BaseResultMap" type="com.jiahui.im.modules.common.entity.CcUserEntity">
    <id column="id" jdbcType="BIGINT" property="id" />
    <result column="account_id" jdbcType="BIGINT" property="accountId" />
    <result column="phone" jdbcType="VARCHAR" property="phone" />
    <result column="user_name" jdbcType="VARCHAR" property="userName" />
    <result column="gender" jdbcType="VARCHAR" property="gender" />
    <result column="head_url" jdbcType="VARCHAR" property="headUrl" />
    <result column="terminal_code" jdbcType="VARCHAR" property="terminalCode" />
    <result column="terminal" jdbcType="VARCHAR" property="terminal" />
    <result column="register_time" jdbcType="TIMESTAMP" property="registerTime" />
    <result column="mrn" jdbcType="VARCHAR" property="mrn" />
    <result column="patient_name" jdbcType="VARCHAR" property="patientName" />
    <result column="birthday" jdbcType="TIMESTAMP" property="birthday" />
    <result column="nationality_code" jdbcType="VARCHAR" property="nationalityCode" />
    <result column="nationality" jdbcType="VARCHAR" property="nationality" />
    <result column="bind_count" jdbcType="INTEGER" property="bindCount" />
    <result column="remark" jdbcType="VARCHAR" property="remark" />
    <result column="status" jdbcType="TINYINT" property="status"/>
    <result column="create_time" jdbcType="TIMESTAMP" property="createTime" />
    <result column="update_time" jdbcType="TIMESTAMP" property="updateTime" />
  </resultMap>
  <sql id="Base_Column_List">
    id, account_id, phone, user_name, gender, head_url, terminal_code, terminal, register_time, mrn,
    patient_name, birthday, nationality_code, nationality, bind_count, remark, `status`, create_time,
    update_time
  </sql>
  <select id="selectByPrimaryKey" parameterType="java.lang.Long" resultMap="BaseResultMap">
    select
    <include refid="Base_Column_List" />
    from cc_user
    where id = #{id,jdbcType=BIGINT}
  </select>
  <delete id="deleteByPrimaryKey" parameterType="java.lang.Long">
    delete from cc_user
    where id = #{id,jdbcType=BIGINT}
  </delete>
  <insert id="insertSelective" keyColumn="id" keyProperty="id" parameterType="com.jiahui.im.modules.common.entity.CcUserEntity" useGeneratedKeys="true">
    insert into cc_user
    <trim prefix="(" suffix=")" suffixOverrides=",">
      <if test="accountId != null">
        account_id,
      </if>
      <if test="phone != null">
        phone,
      </if>
      <if test="userName != null">
        user_name,
      </if>
      <if test="gender != null">
        gender,
      </if>
      <if test="headUrl != null">
        head_url,
      </if>
      <if test="terminalCode != null">
        terminal_code,
      </if>
      <if test="terminal != null">
        terminal,
      </if>
      <if test="registerTime != null">
        register_time,
      </if>
      <if test="mrn != null">
        mrn,
      </if>
      <if test="patientName != null">
        patient_name,
      </if>
      <if test="birthday != null">
        birthday,
      </if>
      <if test="nationalityCode != null">
        nationality_code,
      </if>
      <if test="nationality != null">
        nationality,
      </if>
      <if test="bindCount != null">
        bind_count,
      </if>
      <if test="remark != null">
        remark,
      </if>
      <if test="status != null">
        `status`,
      </if>
      <if test="createTime != null">
        create_time,
      </if>
      <if test="updateTime != null">
        update_time,
      </if>
    </trim>
    <trim prefix="values (" suffix=")" suffixOverrides=",">
      <if test="accountId != null">
        #{accountId,jdbcType=BIGINT},
      </if>
      <if test="phone != null">
        #{phone,jdbcType=VARCHAR},
      </if>
      <if test="userName != null">
        #{userName,jdbcType=VARCHAR},
      </if>
      <if test="gender != null">
        #{gender,jdbcType=VARCHAR},
      </if>
      <if test="headUrl != null">
        #{headUrl,jdbcType=VARCHAR},
      </if>
      <if test="terminalCode != null">
        #{terminalCode,jdbcType=VARCHAR},
      </if>
      <if test="terminal != null">
        #{terminal,jdbcType=VARCHAR},
      </if>
      <if test="registerTime != null">
        #{registerTime,jdbcType=TIMESTAMP},
      </if>
      <if test="mrn != null">
        #{mrn,jdbcType=VARCHAR},
      </if>
      <if test="patientName != null">
        #{patientName,jdbcType=VARCHAR},
      </if>
      <if test="birthday != null">
        #{birthday,jdbcType=TIMESTAMP},
      </if>
      <if test="nationalityCode != null">
        #{nationalityCode,jdbcType=VARCHAR},
      </if>
      <if test="nationality != null">
        #{nationality,jdbcType=VARCHAR},
      </if>
      <if test="bindCount != null">
        #{bindCount,jdbcType=INTEGER},
      </if>
      <if test="remark != null">
        #{remark,jdbcType=VARCHAR},
      </if>
      <if test="status != null">
        #{status,jdbcType=TINYINT},
      </if>
      <if test="createTime != null">
        #{createTime,jdbcType=TIMESTAMP},
      </if>
      <if test="updateTime != null">
        #{updateTime,jdbcType=TIMESTAMP},
      </if>
    </trim>
  </insert>
  <update id="updateByPrimaryKeySelective" parameterType="com.jiahui.im.modules.common.entity.CcUserEntity">
    update cc_user
    <set>
      <if test="accountId != null">
        account_id = #{accountId,jdbcType=BIGINT},
      </if>
      <if test="phone != null">
        phone = #{phone,jdbcType=VARCHAR},
      </if>
      <if test="userName != null">
        user_name = #{userName,jdbcType=VARCHAR},
      </if>
      <if test="gender != null">
        gender = #{gender,jdbcType=VARCHAR},
      </if>
      <if test="headUrl != null">
        head_url = #{headUrl,jdbcType=VARCHAR},
      </if>
      <if test="terminalCode != null">
        terminal_code = #{terminalCode,jdbcType=VARCHAR},
      </if>
      <if test="terminal != null">
        terminal = #{terminal,jdbcType=VARCHAR},
      </if>
      <if test="registerTime != null">
        register_time = #{registerTime,jdbcType=TIMESTAMP},
      </if>
      <if test="mrn != null">
        mrn = #{mrn,jdbcType=VARCHAR},
      </if>
      <if test="patientName != null">
        patient_name = #{patientName,jdbcType=VARCHAR},
      </if>
      <if test="birthday != null">
        birthday = #{birthday,jdbcType=TIMESTAMP},
      </if>
      <if test="nationalityCode != null">
        nationality_code = #{nationalityCode,jdbcType=VARCHAR},
      </if>
      <if test="nationality != null">
        nationality = #{nationality,jdbcType=VARCHAR},
      </if>
      <if test="bindCount != null">
        bind_count = #{bindCount,jdbcType=INTEGER},
      </if>
      <if test="remark != null">
        remark = #{remark,jdbcType=VARCHAR},
      </if>
      <if test="status != null">
        `status` = #{status,jdbcType=TINYINT},
      </if>
      <if test="createTime != null">
        create_time = #{createTime,jdbcType=TIMESTAMP},
      </if>
      <if test="updateTime != null">
        update_time = #{updateTime,jdbcType=TIMESTAMP},
      </if>
    </set>
    where id = #{id,jdbcType=BIGINT}
  </update>

  <select id="selectByAccountId" parameterType="java.lang.Long" resultMap="BaseResultMap">
    select
    <include refid="Base_Column_List" />
    from cc_user
    where account_id = #{accountId}
    limit 1
  </select>

  <select id="selectByPhone" parameterType="java.lang.String" resultMap="BaseResultMap">
    select
    <include refid="Base_Column_List" />
    from cc_user
    where phone = #{phone} and `status` = 1
    limit 1
  </select>

  <update id="invalidByPhone" parameterType="java.lang.String">
    update cc_user
    set `status` = 0
    where account_id = 0 and `status` = 1 and phone = #{phone}
  </update>
</mapper>