<?xml version="1.0" encoding="UTF-8"?>
<!DOCTYPE mapper PUBLIC "-//mybatis.org//DTD Mapper 3.0//EN" "http://mybatis.org/dtd/mybatis-3-mapper.dtd">
<mapper namespace="com.jiahui.im.modules.common.mapper.CcUserDialogMapper">
  <resultMap id="BaseResultMap" type="com.jiahui.im.modules.common.entity.CcUserDialogEntity">
    <id column="id" jdbcType="BIGINT" property="id" />
    <result column="conversation_id" jdbcType="VARCHAR" property="conversationId" />
    <result column="user_id" jdbcType="BIGINT" property="userId" />
    <result column="channel_type" jdbcType="TINYINT" property="channelType" />
    <result column="system_version" jdbcType="VARCHAR" property="systemVersion" />
    <result column="device_model" jdbcType="VARCHAR" property="deviceModel" />
    <result column="app_version" jdbcType="VARCHAR" property="appVersion" />
    <result column="first_kefu_id" jdbcType="BIGINT" property="firstKefuId" />
    <result column="first_dept_id" jdbcType="BIGINT" property="firstDeptId" />
    <result column="last_kefu_id" jdbcType="BIGINT" property="lastKefuId" />
    <result column="last_dept_id" jdbcType="BIGINT" property="lastDeptId" />
    <result column="last_valid_kefu_id" jdbcType="BIGINT" property="lastValidKefuId" />
    <result column="last_valid_dept_id" jdbcType="BIGINT" property="lastValidDeptId" />
    <result column="is_recept" jdbcType="TINYINT" property="isRecept" />
    <result column="kefu_first_recept_time" jdbcType="TIMESTAMP" property="kefuFirstReceptTime" />
    <result column="is_kefu_answer" jdbcType="TINYINT" property="isKefuAnswer" />
    <result column="kefu_first_answer_time" jdbcType="TIMESTAMP" property="kefuFirstAnswerTime" />
    <result column="start_type" jdbcType="TINYINT" property="startType" />
    <result column="end_type" jdbcType="TINYINT" property="endType" />
    <result column="start_time" jdbcType="TIMESTAMP" property="startTime" />
    <result column="end_time" jdbcType="TIMESTAMP" property="endTime" />
    <result column="end_msg_id" jdbcType="VARCHAR" property="endMsgId" />
    <result column="is_push_evaluate" jdbcType="TINYINT" property="isPushEvaluate" />
    <result column="evaluate_id" jdbcType="BIGINT" property="evaluateId" />
    <result column="is_rank" jdbcType="TINYINT" property="isRank" />
    <result column="is_transfer" jdbcType="TINYINT" property="isTransfer" />
    <result column="create_time" jdbcType="TIMESTAMP" property="createTime" />
    <result column="update_time" jdbcType="TIMESTAMP" property="updateTime" />
  </resultMap>
  <sql id="Base_Column_List">
    id, conversation_id, user_id, channel_type, system_version, device_model, app_version,
    first_kefu_id, first_dept_id, last_kefu_id, last_dept_id, last_valid_kefu_id, last_valid_dept_id, is_recept, kefu_first_recept_time,
    is_kefu_answer, kefu_first_answer_time, start_type, end_type, start_time, end_time, end_msg_id, is_push_evaluate, evaluate_id,
    is_rank, is_transfer, create_time, update_time
  </sql>
  <insert id="insertSelective" keyColumn="id" keyProperty="id" parameterType="com.jiahui.im.modules.common.entity.CcUserDialogEntity" useGeneratedKeys="true">
    insert into cc_user_dialog
    <trim prefix="(" suffix=")" suffixOverrides=",">
      <if test="conversationId != null">
        conversation_id,
      </if>
      <if test="userId != null">
        user_id,
      </if>
      <if test="channelType != null">
        channel_type,
      </if>
      <if test="systemVersion != null">
        system_version,
      </if>
      <if test="deviceModel != null">
        device_model,
      </if>
      <if test="appVersion != null">
        app_version,
      </if>
      <if test="firstKefuId != null">
        first_kefu_id,
      </if>
      <if test="firstDeptId != null">
        first_dept_id,
      </if>
      <if test="lastKefuId != null">
        last_kefu_id,
      </if>
      <if test="lastDeptId != null">
        last_dept_id,
      </if>
      <if test="lastValidKefuId != null">
        last_valid_kefu_id,
      </if>
      <if test="lastValidDeptId != null">
        last_valid_dept_id,
      </if>
      <if test="isRecept != null">
        is_recept,
      </if>
      <if test="kefuFirstReceptTime != null">
        kefu_first_recept_time,
      </if>
      <if test="isKefuAnswer != null">
        is_kefu_answer,
      </if>
      <if test="kefuFirstAnswerTime != null">
        kefu_first_answer_time,
      </if>
      <if test="startType != null">
        start_type,
      </if>
      <if test="endType != null">
        end_type,
      </if>
      <if test="startTime != null">
        start_time,
      </if>
      <if test="endTime != null">
        end_time,
      </if>
      <if test="endMsgId != null">
        end_msg_id,
      </if>
      <if test="isPushEvaluate != null">
        is_push_evaluate,
      </if>
      <if test="evaluateId != null">
        evaluate_id,
      </if>
      <if test="isRank != null">
        is_rank,
      </if>
      <if test="isTransfer != null">
        is_transfer,
      </if>
      <if test="createTime != null">
        create_time,
      </if>
      <if test="updateTime != null">
        update_time,
      </if>
    </trim>
    <trim prefix="values (" suffix=")" suffixOverrides=",">
      <if test="conversationId != null">
        #{conversationId,jdbcType=VARCHAR},
      </if>
      <if test="userId != null">
        #{userId,jdbcType=BIGINT},
      </if>
      <if test="channelType != null">
        #{channelType,jdbcType=TINYINT},
      </if>
      <if test="systemVersion != null">
        #{systemVersion,jdbcType=VARCHAR},
      </if>
      <if test="deviceModel != null">
        #{deviceModel,jdbcType=VARCHAR},
      </if>
      <if test="appVersion != null">
        #{appVersion,jdbcType=VARCHAR},
      </if>
      <if test="firstKefuId != null">
        #{firstKefuId,jdbcType=BIGINT},
      </if>
      <if test="firstDeptId != null">
        #{firstDeptId,jdbcType=BIGINT},
      </if>
      <if test="lastKefuId != null">
        #{lastKefuId,jdbcType=BIGINT},
      </if>
      <if test="lastDeptId != null">
        #{lastDeptId,jdbcType=BIGINT},
      </if>
      <if test="lastValidKefuId != null">
        #{lastValidKefuId,jdbcType=BIGINT},
      </if>
      <if test="lastValidDeptId != null">
        #{lastValidDeptId,jdbcType=BIGINT},
      </if>
      <if test="isRecept != null">
        #{isRecept,jdbcType=TINYINT},
      </if>
      <if test="kefuFirstReceptTime != null">
        #{kefuFirstReceptTime,jdbcType=TIMESTAMP},
      </if>
      <if test="isKefuAnswer != null">
        #{isKefuAnswer,jdbcType=TINYINT},
      </if>
      <if test="kefuFirstAnswerTime != null">
        #{kefuFirstAnswerTime,jdbcType=TIMESTAMP},
      </if>
      <if test="startType != null">
        #{startType,jdbcType=TINYINT},
      </if>
      <if test="endType != null">
        #{endType,jdbcType=TINYINT},
      </if>
      <if test="startTime != null">
        #{startTime,jdbcType=TIMESTAMP},
      </if>
      <if test="endTime != null">
        #{endTime,jdbcType=TIMESTAMP},
      </if>
      <if test="endMsgId != null">
        #{endMsgId,jdbcType=VARCHAR},
      </if>
      <if test="isPushEvaluate != null">
        is_push_evaluate = #{isPushEvaluate,jdbcType=TINYINT},
      </if>
      <if test="evaluateId != null">
        #{evaluateId,jdbcType=BIGINT},
      </if>
      <if test="isRank != null">
        is_rank = #{isRank,jdbcType=TINYINT},
      </if>
      <if test="isTransfer != null">
        is_transfer = #{isTransfer,jdbcType=TINYINT},
      </if>
      <if test="createTime != null">
        #{createTime,jdbcType=TIMESTAMP},
      </if>
      <if test="updateTime != null">
        #{updateTime,jdbcType=TIMESTAMP},
      </if>
    </trim>
  </insert>

  <select id="selectNoEvaluate" resultMap="BaseResultMap">
    select
    <include refid="Base_Column_List" />
    from cc_user_dialog
    where conversation_id in
    <foreach collection="conversationIdSet" item="conversationId" separator="," open="(" close=")">
      #{conversationId}
    </foreach>
    and end_time &gt; date_sub(now(), interval 60 minute)
    and is_push_evaluate = 1
    and evaluate_id = 0
  </select>

  <select id="selectByUk" parameterType="java.lang.String" resultMap="BaseResultMap">
    select
    <include refid="Base_Column_List" />
    from cc_user_dialog
    where conversation_id = #{conversationId}
    limit 1
  </select>

  <update id="updateEvaluateId">
    update cc_user_dialog
    set evaluate_id = #{evaluateId}
    where conversation_id = #{conversationId}
  </update>

  <update id="updateByUk" parameterType="com.jiahui.im.modules.common.entity.CcUserDialogEntity">
    update cc_user_dialog
    <set>
      <if test="userId != null">
        user_id = #{userId,jdbcType=BIGINT},
      </if>
      <if test="channelType != null">
        channel_type = #{channelType,jdbcType=TINYINT},
      </if>
      <if test="systemVersion != null">
        system_version = #{systemVersion,jdbcType=VARCHAR},
      </if>
      <if test="deviceModel != null">
        device_model = #{deviceModel,jdbcType=VARCHAR},
      </if>
      <if test="appVersion != null">
        app_version = #{appVersion,jdbcType=VARCHAR},
      </if>
      <if test="firstKefuId != null">
        first_kefu_id = #{firstKefuId,jdbcType=BIGINT},
      </if>
      <if test="firstDeptId != null">
        first_dept_id = #{firstDeptId,jdbcType=BIGINT},
      </if>
      <if test="lastKefuId != null">
        last_kefu_id = #{lastKefuId,jdbcType=BIGINT},
      </if>
      <if test="lastDeptId != null">
        last_dept_id = #{lastDeptId,jdbcType=BIGINT},
      </if>
      <if test="lastValidKefuId != null">
        last_valid_kefu_id = #{lastValidKefuId,jdbcType=BIGINT},
      </if>
      <if test="lastValidDeptId != null">
        last_valid_dept_id = #{lastValidDeptId,jdbcType=BIGINT},
      </if>
      <if test="isRecept != null">
        is_recept = #{isRecept,jdbcType=TINYINT},
      </if>
      <if test="kefuFirstReceptTime != null">
        kefu_first_recept_time = #{kefuFirstReceptTime,jdbcType=TIMESTAMP},
      </if>
      <if test="isKefuAnswer != null">
        is_kefu_answer = #{isKefuAnswer,jdbcType=TINYINT},
      </if>
      <if test="kefuFirstAnswerTime != null">
        kefu_first_answer_time = #{kefuFirstAnswerTime,jdbcType=TIMESTAMP},
      </if>
      <if test="startType != null">
        start_type = #{startType,jdbcType=TINYINT},
      </if>
      <if test="endType != null">
        end_type = #{endType,jdbcType=TINYINT},
      </if>
      <if test="startTime != null">
        start_time = #{startTime,jdbcType=TIMESTAMP},
      </if>
      <if test="endTime != null">
        end_time = #{endTime,jdbcType=TIMESTAMP},
      </if>
      <if test="endMsgId != null">
        end_msg_id = #{endMsgId,jdbcType=VARCHAR},
      </if>
      <if test="isPushEvaluate != null">
        is_push_evaluate = #{isPushEvaluate,jdbcType=TINYINT},
      </if>
      <if test="evaluateId != null">
        evaluate_id = #{evaluateId,jdbcType=BIGINT},
      </if>
      <if test="isRank != null">
        is_rank = #{isRank,jdbcType=TINYINT},
      </if>
      <if test="isTransfer != null">
        is_transfer = #{isTransfer,jdbcType=TINYINT},
      </if>
    </set>
    where conversation_id = #{conversationId,jdbcType=VARCHAR}
  </update>
</mapper>