<?xml version="1.0" encoding="UTF-8"?>
<!DOCTYPE mapper PUBLIC "-//mybatis.org//DTD Mapper 3.0//EN" "http://mybatis.org/dtd/mybatis-3-mapper.dtd">
<mapper namespace="com.jiahui.im.modules.common.mapper.CcUserExtMapper">
  <resultMap id="BaseResultMap" type="com.jiahui.im.modules.common.entity.CcUserExtEntity">
    <id column="id" jdbcType="BIGINT" property="id" />
    <result column="user_id" jdbcType="BIGINT" property="userId" />
    <result column="first_question_flag" jdbcType="TINYINT" property="firstQuestionFlag" />
    <result column="first_question_time" jdbcType="TIMESTAMP" property="firstQuestionTime" />
    <result column="first_question_channel_type" jdbcType="TINYINT" property="firstQuestionChannelType" />
    <result column="last_from_type" jdbcType="TINYINT" property="lastFromType" />
    <result column="last_msg_id" jdbcType="VARCHAR" property="lastMsgId" />
    <result column="last_send_time" jdbcType="TIMESTAMP" property="lastSendTime" />
    <result column="last_file_name" jdbcType="VARCHAR" property="lastFileName" />
    <result column="last_file_size" jdbcType="BIGINT" property="lastFileSize" />
    <result column="last_msg_type" jdbcType="TINYINT" property="lastMsgType" />
    <result column="last_content" jdbcType="VARCHAR" property="lastContent" />
    <result column="last_channel_type" jdbcType="TINYINT" property="lastChannelType" />
    <result column="is_user_read" jdbcType="TINYINT" property="isUserRead" />
    <result column="user_read_msg_id" jdbcType="VARCHAR" property="userReadMsgId" />
    <result column="user_unread_num" jdbcType="INTEGER" property="userUnreadNum" />
    <result column="kefu_last_msg_id" jdbcType="VARCHAR" property="kefuLastMsgId" />
    <result column="kefu_last_send_time" jdbcType="TIMESTAMP" property="kefuLastSendTime" />
    <result column="kefu_last_file_name" jdbcType="VARCHAR" property="kefuLastFileName" />
    <result column="kefu_last_file_size" jdbcType="BIGINT" property="kefuLastFileSize" />
    <result column="kefu_last_msg_type" jdbcType="TINYINT" property="kefuLastMsgType" />
    <result column="kefu_last_content" jdbcType="VARCHAR" property="kefuLastContent" />
    <result column="kefu_last_push_content" jdbcType="VARCHAR" property="kefuLastPushContent" />
    <result column="create_time" jdbcType="TIMESTAMP" property="createTime" />
    <result column="update_time" jdbcType="TIMESTAMP" property="updateTime" />
  </resultMap>

  <resultMap id="CcUserExtDtoMap" type="com.jiahui.im.modules.common.dto.chat.CcUserExtDto">
    <!--cc_user表字段-->
    <result column="account_id" jdbcType="BIGINT" property="accountId" />
    <result column="phone" jdbcType="VARCHAR" property="phone" />
    <result column="user_name" jdbcType="VARCHAR" property="userName" />
    <result column="gender" jdbcType="VARCHAR" property="gender" />
    <result column="head_url" jdbcType="VARCHAR" property="headUrl" />
    <result column="terminal_code" jdbcType="VARCHAR" property="terminalCode" />
    <result column="terminal" jdbcType="VARCHAR" property="terminal" />
    <result column="mrn" jdbcType="VARCHAR" property="mrn" />
    <result column="patient_name" jdbcType="VARCHAR" property="patientName" />
    <result column="birthday" jdbcType="TIMESTAMP" property="birthday" />
    <result column="nationality_code" jdbcType="VARCHAR" property="nationalityCode" />
    <result column="nationality" jdbcType="VARCHAR" property="nationality" />
    <result column="bind_count" jdbcType="INTEGER" property="bindCount" />
    <!--cc_user_ext表字段-->
    <result column="user_id" jdbcType="BIGINT" property="userId" />
    <result column="last_send_time" jdbcType="TIMESTAMP" property="lastSendTime" />
    <result column="last_file_name" jdbcType="VARCHAR" property="lastFileName" />
    <result column="last_file_size" jdbcType="BIGINT" property="lastFileSize" />
    <result column="last_msg_type" jdbcType="TINYINT" property="lastMsgType" />
    <result column="last_content" jdbcType="VARCHAR" property="lastContent" />
    <result column="last_channel_type" jdbcType="TINYINT" property="lastChannelType" />
  </resultMap>
  <sql id="Base_Column_List">
    id, user_id, first_question_flag, first_question_time, first_question_channel_type, last_from_type, last_msg_id, last_send_time, last_file_name, last_file_size, last_msg_type,
    last_content, last_channel_type, is_user_read, user_read_msg_id, user_unread_num,
    kefu_last_msg_id, kefu_last_send_time, kefu_last_file_name, kefu_last_file_size,
    kefu_last_msg_type, kefu_last_content, kefu_last_push_content, create_time, update_time
  </sql>
  <insert id="insertSelective" keyColumn="id" keyProperty="id" parameterType="com.jiahui.im.modules.common.entity.CcUserExtEntity" useGeneratedKeys="true">
    insert into cc_user_ext
    <trim prefix="(" suffix=")" suffixOverrides=",">
      <if test="userId != null">
        user_id,
      </if>
      <if test="firstQuestionFlag != null">
        first_question_flag,
      </if>
      <if test="firstQuestionTime != null">
        first_question_time,
      </if>
      <if test="firstQuestionChannelType != null">
        first_question_channel_type,
      </if>
      <if test="lastFromType != null">
        last_from_type,
      </if>
      <if test="lastMsgId != null">
        last_msg_id,
      </if>
      <if test="lastSendTime != null">
        last_send_time,
      </if>
      <if test="lastFileName != null">
        last_file_name,
      </if>
      <if test="lastFileSize != null">
        last_file_size,
      </if>
      <if test="lastMsgType != null">
        last_msg_type,
      </if>
      <if test="lastContent != null">
        last_content,
      </if>
      <if test="lastChannelType != null">
        last_channel_type,
      </if>
      <if test="isUserRead != null">
        is_user_read,
      </if>
      <if test="userReadMsgId != null">
        user_read_msg_id,
      </if>
      <if test="userUnreadNum != null">
        user_unread_num,
      </if>
      <if test="kefuLastMsgId != null">
        kefu_last_msg_id,
      </if>
      <if test="kefuLastSendTime != null">
        kefu_last_send_time,
      </if>
      <if test="kefuLastFileName != null">
        kefu_last_file_name,
      </if>
      <if test="kefuLastFileSize != null">
        kefu_last_file_size,
      </if>
      <if test="kefuLastMsgType != null">
        kefu_last_msg_type,
      </if>
      <if test="kefuLastContent != null">
        kefu_last_content,
      </if>
      <if test="kefuLastPushContent != null">
        kefu_last_push_content,
      </if>
      <if test="createTime != null">
        create_time,
      </if>
      <if test="updateTime != null">
        update_time,
      </if>
    </trim>
    <trim prefix="values (" suffix=")" suffixOverrides=",">
      <if test="userId != null">
        #{userId,jdbcType=BIGINT},
      </if>
      <if test="firstQuestionFlag != null">
        #{firstQuestionFlag,jdbcType=TINYINT},
      </if>
      <if test="firstQuestionTime != null">
        #{firstQuestionTime,jdbcType=TIMESTAMP},
      </if>
      <if test="firstQuestionChannelType != null">
        #{firstQuestionChannelType,jdbcType=TINYINT},
      </if>
      <if test="lastFromType != null">
        #{lastFromType,jdbcType=TINYINT},
      </if>
      <if test="lastMsgId != null">
        #{lastMsgId,jdbcType=VARCHAR},
      </if>
      <if test="lastSendTime != null">
        #{lastSendTime,jdbcType=TIMESTAMP},
      </if>
      <if test="lastFileName != null">
        #{lastFileName,jdbcType=VARCHAR},
      </if>
      <if test="lastFileSize != null">
        #{lastFileSize,jdbcType=BIGINT},
      </if>
      <if test="lastMsgType != null">
        #{lastMsgType,jdbcType=TINYINT},
      </if>
      <if test="lastContent != null">
        #{lastContent,jdbcType=VARCHAR},
      </if>
      <if test="lastChannelType != null">
        #{lastChannelType,jdbcType=TINYINT},
      </if>
      <if test="isUserRead != null">
        #{isUserRead,jdbcType=TINYINT},
      </if>
      <if test="userReadMsgId != null">
        #{userReadMsgId,jdbcType=VARCHAR},
      </if>
      <if test="userUnreadNum != null">
        #{userUnreadNum,jdbcType=INTEGER},
      </if>
      <if test="kefuLastMsgId != null">
        #{kefuLastMsgId,jdbcType=VARCHAR},
      </if>
      <if test="kefuLastSendTime != null">
        #{kefuLastSendTime,jdbcType=TIMESTAMP},
      </if>
      <if test="kefuLastFileName != null">
        #{kefuLastFileName,jdbcType=VARCHAR},
      </if>
      <if test="kefuLastFileSize != null">
        #{kefuLastFileSize,jdbcType=BIGINT},
      </if>
      <if test="kefuLastMsgType != null">
        #{kefuLastMsgType,jdbcType=TINYINT},
      </if>
      <if test="kefuLastContent != null">
        #{kefuLastContent,jdbcType=VARCHAR},
      </if>
      <if test="kefuLastPushContent != null">
        #{kefuLastPushContent,jdbcType=VARCHAR},
      </if>
      <if test="createTime != null">
        #{createTime,jdbcType=TIMESTAMP},
      </if>
      <if test="updateTime != null">
        #{updateTime,jdbcType=TIMESTAMP},
      </if>
    </trim>
  </insert>

  <select id="selectByUserId" resultMap="CcUserExtDtoMap">
    select
      t1.account_id, t1.phone, t1.user_name, t1.gender, t1.head_url, t1.terminal_code, t1.terminal, t1.mrn,
      t1.patient_name, t1.birthday, t1.nationality_code, t1.nationality, t1.bind_count,
      t2.user_id, t2.last_send_time, t2.last_file_name, t2.last_file_size, t2.last_msg_type, t2.last_content, t2.last_channel_type
    from cc_user t1
    inner join cc_user_ext t2 on t1.id = t2.user_id
    where t1.id = #{userId}
    limit 1
  </select>

  <update id="markUserReadByUserId">
    update cc_user_ext
    set is_user_read = 1,
        user_read_msg_id = kefu_last_msg_id,
        user_unread_num = 0
    where user_id = #{userId}
  </update>

  <update id="markUserReadByAccountId">
    update cc_user_ext t1
    inner join cc_user t2 on t1.user_id = t2.id
    set t1.is_user_read = 1,
        t1.user_read_msg_id = t1.kefu_last_msg_id,
        t1.user_unread_num = 0
    where t2.account_id = #{accountId}
  </update>

  <select id="selectByAccountId" resultMap="BaseResultMap">
    select
      t2.user_id, t2.is_user_read, t2.user_read_msg_id, t2.user_unread_num,
      t2.kefu_last_msg_id, t2.kefu_last_send_time, t2.kefu_last_file_name, t2.kefu_last_file_size, t2.kefu_last_msg_type, t2.kefu_last_content, t2.kefu_last_push_content
    from cc_user t1
    inner join cc_user_ext t2 on t1.id = t2.user_id
    where t1.account_id = #{accountId}
    and t1.`status` = 1
    limit 1
  </select>

  <select id="selectFirstQuestionFlag" resultType="java.lang.Integer">
    select first_question_flag
    from cc_user_ext
    where user_id = #{userId} limit 1
  </select>

  <update id="updateFirstQuestionFlag">
    update cc_user_ext
    set first_question_flag = 1,
        first_question_time = current_timestamp(3),
        first_question_channel_type = #{channelType}
    where user_id = #{userId} and first_question_flag = 0
  </update>
</mapper>