<?xml version="1.0" encoding="UTF-8"?>
<!DOCTYPE mapper PUBLIC "-//mybatis.org//DTD Mapper 3.0//EN" "http://mybatis.org/dtd/mybatis-3-mapper.dtd">
<mapper namespace="com.jiahui.im.modules.common.mapper.CcUserBindingMapper">
  <resultMap id="BaseResultMap" type="com.jiahui.im.modules.common.entity.CcUserBindingEntity">
    <id column="id" jdbcType="BIGINT" property="id" />
    <result column="conversation_id" jdbcType="VARCHAR" property="conversationId" />
    <result column="user_id" jdbcType="BIGINT" property="userId" />
    <result column="channel_type" jdbcType="TINYINT" property="channelType" />
    <result column="system_version" jdbcType="VARCHAR" property="systemVersion" />
    <result column="device_model" jdbcType="VARCHAR" property="deviceModel" />
    <result column="app_version" jdbcType="VARCHAR" property="appVersion" />
    <result column="kefu_id" jdbcType="BIGINT" property="kefuId" />
    <result column="dept_id" jdbcType="BIGINT" property="deptId" />
    <result column="user_question_time" jdbcType="TIMESTAMP" property="userQuestionTime" />
    <result column="kefu_answer_time" jdbcType="TIMESTAMP" property="kefuAnswerTime" />
    <result column="is_notice" jdbcType="TINYINT" property="isNotice" />
    <result column="bind_record_id" jdbcType="BIGINT" property="bindRecordId" />
    <result column="create_time" jdbcType="TIMESTAMP" property="createTime" />
    <result column="update_time" jdbcType="TIMESTAMP" property="updateTime" />
  </resultMap>
  <sql id="Base_Column_List">
    id, conversation_id, user_id, channel_type, system_version, device_model, app_version, 
    kefu_id, dept_id, user_question_time, kefu_answer_time, is_notice, bind_record_id, create_time, update_time
  </sql>
  <insert id="insertSelective" keyColumn="id" keyProperty="id" parameterType="com.jiahui.im.modules.common.entity.CcUserBindingEntity" useGeneratedKeys="true">
    insert into cc_user_binding
    <trim prefix="(" suffix=")" suffixOverrides=",">
      <if test="conversationId != null">
        conversation_id,
      </if>
      <if test="userId != null">
        user_id,
      </if>
      <if test="channelType != null">
        channel_type,
      </if>
      <if test="systemVersion != null">
        system_version,
      </if>
      <if test="deviceModel != null">
        device_model,
      </if>
      <if test="appVersion != null">
        app_version,
      </if>
      <if test="kefuId != null">
        kefu_id,
      </if>
      <if test="deptId != null">
        dept_id,
      </if>
      <if test="userQuestionTime != null">
        user_question_time,
      </if>
      <if test="kefuAnswerTime != null">
        kefu_answer_time,
      </if>
      <if test="isNotice != null">
        is_notice,
      </if>
      <if test="bindRecordId != null">
        bind_record_id,
      </if>
      <if test="createTime != null">
        create_time,
      </if>
      <if test="updateTime != null">
        update_time,
      </if>
    </trim>
    <trim prefix="values (" suffix=")" suffixOverrides=",">
      <if test="conversationId != null">
        #{conversationId,jdbcType=VARCHAR},
      </if>
      <if test="userId != null">
        #{userId,jdbcType=BIGINT},
      </if>
      <if test="channelType != null">
        #{channelType,jdbcType=TINYINT},
      </if>
      <if test="systemVersion != null">
        #{systemVersion,jdbcType=VARCHAR},
      </if>
      <if test="deviceModel != null">
        #{deviceModel,jdbcType=VARCHAR},
      </if>
      <if test="appVersion != null">
        #{appVersion,jdbcType=VARCHAR},
      </if>
      <if test="kefuId != null">
        #{kefuId,jdbcType=BIGINT},
      </if>
      <if test="deptId != null">
        #{deptId,jdbcType=BIGINT},
      </if>
      <if test="userQuestionTime != null">
        #{userQuestionTime,jdbcType=TIMESTAMP},
      </if>
      <if test="kefuAnswerTime != null">
        #{kefuAnswerTime,jdbcType=TIMESTAMP},
      </if>
      <if test="isNotice != null">
        #{isNotice,jdbcType=TINYINT},
      </if>
      <if test="bindRecordId != null">
        #{bindRecordId,jdbcType=BIGINT},
      </if>
      <if test="createTime != null">
        #{createTime,jdbcType=TIMESTAMP},
      </if>
      <if test="updateTime != null">
        #{updateTime,jdbcType=TIMESTAMP},
      </if>
    </trim>
  </insert>

  <select id="selectByUk" resultMap="BaseResultMap">
    select
    <include refid="Base_Column_List" />
    from cc_user_binding
    where user_id = #{userId}
    limit 1
  </select>
</mapper>