<?xml version="1.0" encoding="UTF-8"?>
<!DOCTYPE mapper PUBLIC "-//mybatis.org//DTD Mapper 3.0//EN" "http://mybatis.org/dtd/mybatis-3-mapper.dtd">
<mapper namespace="com.jiahui.im.modules.common.mapper.CcUserEvaluateMapper">
  <resultMap id="BaseResultMap" type="com.jiahui.im.modules.common.entity.CcUserEvaluateEntity">
    <id column="id" jdbcType="BIGINT" property="id" />
    <result column="conversation_id" jdbcType="VARCHAR" property="conversationId" />
    <result column="user_id" jdbcType="BIGINT" property="userId" />
    <result column="score" jdbcType="TINYINT" property="score" />
    <result column="create_time" jdbcType="TIMESTAMP" property="createTime" />
    <result column="update_time" jdbcType="TIMESTAMP" property="updateTime" />
  </resultMap>
  <sql id="Base_Column_List">
    id, conversation_id, user_id, score, create_time, update_time
  </sql>
  <select id="selectByPrimaryKey" parameterType="java.lang.Long" resultMap="BaseResultMap">
    select 
    <include refid="Base_Column_List" />
    from cc_user_evaluate
    where id = #{id,jdbcType=BIGINT}
  </select>
  <delete id="deleteByPrimaryKey" parameterType="java.lang.Long">
    delete from cc_user_evaluate
    where id = #{id,jdbcType=BIGINT}
  </delete>
  <insert id="insert" keyColumn="id" keyProperty="id" parameterType="com.jiahui.im.modules.common.entity.CcUserEvaluateEntity" useGeneratedKeys="true">
    insert into cc_user_evaluate (conversation_id, user_id, score, 
      create_time, update_time)
    values (#{conversationId,jdbcType=VARCHAR}, #{userId,jdbcType=BIGINT}, #{score,jdbcType=TINYINT}, 
      #{createTime,jdbcType=TIMESTAMP}, #{updateTime,jdbcType=TIMESTAMP})
  </insert>
  <insert id="insertSelective" keyColumn="id" keyProperty="id" parameterType="com.jiahui.im.modules.common.entity.CcUserEvaluateEntity" useGeneratedKeys="true">
    insert into cc_user_evaluate
    <trim prefix="(" suffix=")" suffixOverrides=",">
      <if test="conversationId != null">
        conversation_id,
      </if>
      <if test="userId != null">
        user_id,
      </if>
      <if test="score != null">
        score,
      </if>
      <if test="createTime != null">
        create_time,
      </if>
      <if test="updateTime != null">
        update_time,
      </if>
    </trim>
    <trim prefix="values (" suffix=")" suffixOverrides=",">
      <if test="conversationId != null">
        #{conversationId,jdbcType=VARCHAR},
      </if>
      <if test="userId != null">
        #{userId,jdbcType=BIGINT},
      </if>
      <if test="score != null">
        #{score,jdbcType=TINYINT},
      </if>
      <if test="createTime != null">
        #{createTime,jdbcType=TIMESTAMP},
      </if>
      <if test="updateTime != null">
        #{updateTime,jdbcType=TIMESTAMP},
      </if>
    </trim>
  </insert>
  <update id="updateByPrimaryKeySelective" parameterType="com.jiahui.im.modules.common.entity.CcUserEvaluateEntity">
    update cc_user_evaluate
    <set>
      <if test="conversationId != null">
        conversation_id = #{conversationId,jdbcType=VARCHAR},
      </if>
      <if test="userId != null">
        user_id = #{userId,jdbcType=BIGINT},
      </if>
      <if test="score != null">
        score = #{score,jdbcType=TINYINT},
      </if>
      <if test="createTime != null">
        create_time = #{createTime,jdbcType=TIMESTAMP},
      </if>
      <if test="updateTime != null">
        update_time = #{updateTime,jdbcType=TIMESTAMP},
      </if>
    </set>
    where id = #{id,jdbcType=BIGINT}
  </update>
  <update id="updateByPrimaryKey" parameterType="com.jiahui.im.modules.common.entity.CcUserEvaluateEntity">
    update cc_user_evaluate
    set conversation_id = #{conversationId,jdbcType=VARCHAR},
      user_id = #{userId,jdbcType=BIGINT},
      score = #{score,jdbcType=TINYINT},
      create_time = #{createTime,jdbcType=TIMESTAMP},
      update_time = #{updateTime,jdbcType=TIMESTAMP}
    where id = #{id,jdbcType=BIGINT}
  </update>
</mapper>