<?xml version="1.0" encoding="UTF-8"?>
<!DOCTYPE mapper PUBLIC "-//mybatis.org//DTD Mapper 3.0//EN" "http://mybatis.org/dtd/mybatis-3-mapper.dtd">
<mapper namespace="com.jiahui.im.modules.common.mapper.CcUserUnboundMapper">
  <resultMap id="BaseResultMap" type="com.jiahui.im.modules.common.entity.CcUserUnboundEntity">
    <id column="id" jdbcType="BIGINT" property="id" />
    <result column="conversation_id" jdbcType="VARCHAR" property="conversationId" />
    <result column="user_id" jdbcType="BIGINT" property="userId" />
    <result column="channel_type" jdbcType="TINYINT" property="channelType" />
    <result column="system_version" jdbcType="VARCHAR" property="systemVersion" />
    <result column="device_model" jdbcType="VARCHAR" property="deviceModel" />
    <result column="app_version" jdbcType="VARCHAR" property="appVersion" />
    <result column="user_question_time" jdbcType="TIMESTAMP" property="userQuestionTime" />
    <result column="create_time" jdbcType="TIMESTAMP" property="createTime" />
    <result column="update_time" jdbcType="TIMESTAMP" property="updateTime" />
    <!--以下字段为扩展字段-->
    <result column="ranking" jdbcType="INTEGER" property="ranking" />
  </resultMap>
  <sql id="Base_Column_List">
    id, conversation_id, user_id, channel_type, system_version, device_model, app_version, 
    user_question_time, create_time, update_time
  </sql>
  <select id="selectByPrimaryKey" parameterType="java.lang.Long" resultMap="BaseResultMap">
    select 
    <include refid="Base_Column_List" />
    from cc_user_unbound
    where id = #{id,jdbcType=BIGINT}
  </select>
  <delete id="deleteByPrimaryKey" parameterType="java.lang.Long">
    delete from cc_user_unbound
    where id = #{id,jdbcType=BIGINT}
  </delete>
  <insert id="insert" keyColumn="id" keyProperty="id" parameterType="com.jiahui.im.modules.common.entity.CcUserUnboundEntity" useGeneratedKeys="true">
    insert into cc_user_unbound (conversation_id, user_id, channel_type, 
      system_version, device_model, app_version, 
      user_question_time, create_time, update_time
      )
    values (#{conversationId,jdbcType=VARCHAR}, #{userId,jdbcType=BIGINT}, #{channelType,jdbcType=TINYINT}, 
      #{systemVersion,jdbcType=VARCHAR}, #{deviceModel,jdbcType=VARCHAR}, #{appVersion,jdbcType=VARCHAR}, 
      #{userQuestionTime,jdbcType=TIMESTAMP}, #{createTime,jdbcType=TIMESTAMP}, #{updateTime,jdbcType=TIMESTAMP}
      )
  </insert>
  <insert id="insertSelective" keyColumn="id" keyProperty="id" parameterType="com.jiahui.im.modules.common.entity.CcUserUnboundEntity" useGeneratedKeys="true">
    insert into cc_user_unbound
    <trim prefix="(" suffix=")" suffixOverrides=",">
      <if test="conversationId != null">
        conversation_id,
      </if>
      <if test="userId != null">
        user_id,
      </if>
      <if test="channelType != null">
        channel_type,
      </if>
      <if test="systemVersion != null">
        system_version,
      </if>
      <if test="deviceModel != null">
        device_model,
      </if>
      <if test="appVersion != null">
        app_version,
      </if>
      <if test="userQuestionTime != null">
        user_question_time,
      </if>
      <if test="createTime != null">
        create_time,
      </if>
      <if test="updateTime != null">
        update_time,
      </if>
    </trim>
    <trim prefix="values (" suffix=")" suffixOverrides=",">
      <if test="conversationId != null">
        #{conversationId,jdbcType=VARCHAR},
      </if>
      <if test="userId != null">
        #{userId,jdbcType=BIGINT},
      </if>
      <if test="channelType != null">
        #{channelType,jdbcType=TINYINT},
      </if>
      <if test="systemVersion != null">
        #{systemVersion,jdbcType=VARCHAR},
      </if>
      <if test="deviceModel != null">
        #{deviceModel,jdbcType=VARCHAR},
      </if>
      <if test="appVersion != null">
        #{appVersion,jdbcType=VARCHAR},
      </if>
      <if test="userQuestionTime != null">
        #{userQuestionTime,jdbcType=TIMESTAMP},
      </if>
      <if test="createTime != null">
        #{createTime,jdbcType=TIMESTAMP},
      </if>
      <if test="updateTime != null">
        #{updateTime,jdbcType=TIMESTAMP},
      </if>
    </trim>
  </insert>
  <update id="updateByPrimaryKeySelective" parameterType="com.jiahui.im.modules.common.entity.CcUserUnboundEntity">
    update cc_user_unbound
    <set>
      <if test="conversationId != null">
        conversation_id = #{conversationId,jdbcType=VARCHAR},
      </if>
      <if test="userId != null">
        user_id = #{userId,jdbcType=BIGINT},
      </if>
      <if test="channelType != null">
        channel_type = #{channelType,jdbcType=TINYINT},
      </if>
      <if test="systemVersion != null">
        system_version = #{systemVersion,jdbcType=VARCHAR},
      </if>
      <if test="deviceModel != null">
        device_model = #{deviceModel,jdbcType=VARCHAR},
      </if>
      <if test="appVersion != null">
        app_version = #{appVersion,jdbcType=VARCHAR},
      </if>
      <if test="userQuestionTime != null">
        user_question_time = #{userQuestionTime,jdbcType=TIMESTAMP},
      </if>
      <if test="createTime != null">
        create_time = #{createTime,jdbcType=TIMESTAMP},
      </if>
      <if test="updateTime != null">
        update_time = #{updateTime,jdbcType=TIMESTAMP},
      </if>
    </set>
    where id = #{id,jdbcType=BIGINT}
  </update>
  <update id="updateByPrimaryKey" parameterType="com.jiahui.im.modules.common.entity.CcUserUnboundEntity">
    update cc_user_unbound
    set conversation_id = #{conversationId,jdbcType=VARCHAR},
      user_id = #{userId,jdbcType=BIGINT},
      channel_type = #{channelType,jdbcType=TINYINT},
      system_version = #{systemVersion,jdbcType=VARCHAR},
      device_model = #{deviceModel,jdbcType=VARCHAR},
      app_version = #{appVersion,jdbcType=VARCHAR},
      user_question_time = #{userQuestionTime,jdbcType=TIMESTAMP},
      create_time = #{createTime,jdbcType=TIMESTAMP},
      update_time = #{updateTime,jdbcType=TIMESTAMP}
    where id = #{id,jdbcType=BIGINT}
  </update>

  <select id="selectByUk" resultMap="BaseResultMap">
    select
    <include refid="Base_Column_List" />
    from cc_user_unbound
    where user_id = #{userId}
    limit 1
  </select>

  <select id="count" resultType="java.lang.Integer">
    select count(*) from cc_user_unbound
  </select>

  <select id="getRanking" parameterType="java.lang.Long" resultType="java.lang.Integer">
    <![CDATA[
    select count(*) from cc_user_unbound
    where id <= (select id from cc_user_unbound where user_id = #{userId})
    ]]>
  </select>

  <delete id="deleteByUk" parameterType="java.lang.Long">
    delete from cc_user_unbound
    where user_id = #{userId}
  </delete>

  <select id="selectRankByLowerId" parameterType="java.lang.Long" resultMap="BaseResultMap">
    <![CDATA[
    select t1.id, t1.conversation_id, t1.user_id, t2.ranking
    from cc_user_unbound t1
           right join
         (select t.id, @ranking:=@ranking+1 ranking
          from cc_user_unbound t, (select @ranking:=0) r
          order by t.id asc) t2
         on t1.id = t2.id
    where t1.id > #{lowerId}
    order by t1.id asc
    ]]>
  </select>
</mapper>