<?xml version="1.0" encoding="UTF-8"?>
<!DOCTYPE mapper PUBLIC "-//mybatis.org//DTD Mapper 3.0//EN" "http://mybatis.org/dtd/mybatis-3-mapper.dtd">
<mapper namespace="com.jiahui.im.modules.common.mapper.CcUserBindRecordMapper">
  <resultMap id="BaseResultMap" type="com.jiahui.im.modules.common.entity.CcUserBindRecordEntity">
    <id column="id" jdbcType="BIGINT" property="id" />
    <result column="conversation_id" jdbcType="VARCHAR" property="conversationId" />
    <result column="user_id" jdbcType="BIGINT" property="userId" />
    <result column="before_kefu_id" jdbcType="BIGINT" property="beforeKefuId" />
    <result column="before_dept_id" jdbcType="BIGINT" property="beforeDeptId" />
    <result column="kefu_id" jdbcType="BIGINT" property="kefuId" />
    <result column="dept_id" jdbcType="BIGINT" property="deptId" />
    <result column="event_type" jdbcType="TINYINT" property="eventType" />
    <result column="user_round_question_time" jdbcType="TIMESTAMP" property="userRoundQuestionTime" />
    <result column="kefu_round_answer_time" jdbcType="TIMESTAMP" property="kefuRoundAnswerTime" />
    <result column="round_num" jdbcType="INTEGER" property="roundNum" />
    <result column="total_response_duration" jdbcType="BIGINT" property="totalResponseDuration" />
    <result column="first_response_duration" jdbcType="BIGINT" property="firstResponseDuration" />
    <result column="is_kefu_answer" jdbcType="TINYINT" property="isKefuAnswer" />
    <result column="is_end_recept" jdbcType="TINYINT" property="isEndRecept" />
    <result column="end_recept_time" jdbcType="TIMESTAMP" property="endReceptTime" />
    <result column="create_time" jdbcType="TIMESTAMP" property="createTime" />
    <result column="update_time" jdbcType="TIMESTAMP" property="updateTime" />
  </resultMap>
  <sql id="Base_Column_List">
    id, conversation_id, user_id, before_kefu_id, before_dept_id, kefu_id, dept_id, event_type,
    user_round_question_time, kefu_round_answer_time, round_num, total_response_duration, first_response_duration, is_kefu_answer,
    is_end_recept, end_recept_time, create_time, update_time
  </sql>
  <insert id="insertSelective" keyColumn="id" keyProperty="id" parameterType="com.jiahui.im.modules.common.entity.CcUserBindRecordEntity" useGeneratedKeys="true">
    insert into cc_user_bind_record
    <trim prefix="(" suffix=")" suffixOverrides=",">
      <if test="conversationId != null">
        conversation_id,
      </if>
      <if test="userId != null">
        user_id,
      </if>
      <if test="beforeKefuId != null">
        before_kefu_id,
      </if>
      <if test="beforeDeptId != null">
        before_dept_id,
      </if>
      <if test="kefuId != null">
        kefu_id,
      </if>
      <if test="deptId != null">
        dept_id,
      </if>
      <if test="eventType != null">
        event_type,
      </if>
      <if test="userRoundQuestionTime != null">
        user_round_question_time,
      </if>
      <if test="kefuRoundAnswerTime != null">
        kefu_round_answer_time,
      </if>
      <if test="roundNum != null">
        round_num,
      </if>
      <if test="totalResponseDuration != null">
        total_response_duration,
      </if>
      <if test="firstResponseDuration != null">
        first_response_duration,
      </if>
      <if test="isKefuAnswer != null">
        is_kefu_answer,
      </if>
      <if test="isEndRecept != null">
        is_end_recept,
      </if>
      <if test="endReceptTime != null">
        end_recept_time,
      </if>
      <if test="createTime != null">
        create_time,
      </if>
      <if test="updateTime != null">
        update_time,
      </if>
    </trim>
    <trim prefix="values (" suffix=")" suffixOverrides=",">
      <if test="conversationId != null">
        #{conversationId,jdbcType=VARCHAR},
      </if>
      <if test="userId != null">
        #{userId,jdbcType=BIGINT},
      </if>
      <if test="beforeKefuId != null">
        #{beforeKefuId,jdbcType=BIGINT},
      </if>
      <if test="beforeDeptId != null">
        #{beforeDeptId,jdbcType=BIGINT},
      </if>
      <if test="kefuId != null">
        #{kefuId,jdbcType=BIGINT},
      </if>
      <if test="deptId != null">
        #{deptId,jdbcType=BIGINT},
      </if>
      <if test="eventType != null">
        #{eventType,jdbcType=TINYINT},
      </if>
      <if test="userRoundQuestionTime != null">
        #{userRoundQuestionTime,jdbcType=TIMESTAMP},
      </if>
      <if test="kefuRoundAnswerTime != null">
        #{kefuRoundAnswerTime,jdbcType=TIMESTAMP},
      </if>
      <if test="roundNum != null">
        #{roundNum,jdbcType=INTEGER},
      </if>
      <if test="totalResponseDuration != null">
        #{totalResponseDuration,jdbcType=BIGINT},
      </if>
      <if test="firstResponseDuration != null">
        #{firstResponseDuration,jdbcType=BIGINT},
      </if>
      <if test="isKefuAnswer != null">
        #{isKefuAnswer,jdbcType=TINYINT},
      </if>
      <if test="isEndRecept != null">
        #{isEndRecept,jdbcType=TINYINT},
      </if>
      <if test="endReceptTime != null">
        #{endReceptTime,jdbcType=TIMESTAMP},
      </if>
      <if test="createTime != null">
        #{createTime,jdbcType=TIMESTAMP},
      </if>
      <if test="updateTime != null">
        #{updateTime,jdbcType=TIMESTAMP},
      </if>
    </trim>
  </insert>

  <select id="todayReceptNumByKefuId" resultType="java.lang.Integer">
    select count(distinct conversation_id) recept_num
    from cc_user_bind_record
    where event_type in
    <foreach collection="eventTypeList" item="eventType" separator=","  open="(" close=")">
      #{eventType}
    </foreach>
    and create_time > cast(curdate() as datetime)
    and kefu_id = #{kefuId}
  </select>
</mapper>