<?xml version="1.0" encoding="UTF-8"?>
<!DOCTYPE mapper PUBLIC "-//mybatis.org//DTD Mapper 3.0//EN" "http://mybatis.org/dtd/mybatis-3-mapper.dtd">
<mapper namespace="com.jiahui.im.modules.common.mapper.DeptUserConnectRecordMapper">
  <resultMap id="BaseResultMap" type="com.jiahui.im.modules.common.entity.DeptUserConnectRecordEntity">
    <id column="id" jdbcType="BIGINT" property="id" />
    <result column="session_id" jdbcType="VARCHAR" property="sessionId" />
    <result column="user_id" jdbcType="BIGINT" property="userId" />
    <result column="account_id" jdbcType="BIGINT" property="accountId" />
    <result column="dept_id" jdbcType="BIGINT" property="deptId" />
    <result column="channel_type" jdbcType="TINYINT" property="channelType" />
    <result column="connect_time" jdbcType="TIMESTAMP" property="connectTime" />
    <result column="active_time" jdbcType="TIMESTAMP" property="activeTime" />
    <result column="break_time" jdbcType="TIMESTAMP" property="breakTime" />
    <result column="break_type" jdbcType="TINYINT" property="breakType" />
    <result column="remark" jdbcType="VARCHAR" property="remark" />
    <result column="create_time" jdbcType="TIMESTAMP" property="createTime" />
    <result column="update_time" jdbcType="TIMESTAMP" property="updateTime" />
  </resultMap>
  <sql id="Base_Column_List">
    id, session_id, user_id, account_id, dept_id, channel_type, connect_time, active_time, break_time, break_type, remark,
    create_time, update_time
  </sql>
  <insert id="insertSelective" parameterType="com.jiahui.im.modules.common.entity.DeptUserConnectRecordEntity">
    insert into dept_user_connect_record
    <trim prefix="(" suffix=")" suffixOverrides=",">
      <if test="sessionId != null">
        session_id,
      </if>
      <if test="userId != null">
        user_id,
      </if>
      <if test="accountId != null">
        account_id,
      </if>
      <if test="deptId != null">
        dept_id,
      </if>
      <if test="channelType != null">
        channel_type,
      </if>
      <if test="connectTime != null">
        connect_time,
      </if>
      <if test="activeTime != null">
        active_time,
      </if>
      <if test="breakTime != null">
        break_time,
      </if>
      <if test="breakType != null">
        break_type,
      </if>
      <if test="remark != null">
        remark,
      </if>
    </trim>
    <trim prefix="values (" suffix=")" suffixOverrides=",">
      <if test="sessionId != null">
        #{sessionId,jdbcType=VARCHAR},
      </if>
      <if test="userId != null">
        #{userId,jdbcType=BIGINT},
      </if>
      <if test="accountId != null">
        #{accountId,jdbcType=BIGINT},
      </if>
      <if test="deptId != null">
        #{deptId,jdbcType=BIGINT},
      </if>
      <if test="channelType != null">
        #{channelType,jdbcType=TINYINT},
      </if>
      <if test="connectTime != null">
        #{connectTime,jdbcType=TIMESTAMP},
      </if>
      <if test="activeTime != null">
        #{activeTime,jdbcType=TIMESTAMP},
      </if>
      <if test="breakTime != null">
        #{breakTime,jdbcType=TIMESTAMP},
      </if>
      <if test="breakType != null">
        #{breakType,jdbcType=TINYINT},
      </if>
      <if test="remark != null">
        #{remark,jdbcType=VARCHAR},
      </if>
    </trim>
  </insert>

  <update id="updateByUk" parameterType="com.jiahui.im.modules.common.entity.DeptUserConnectRecordEntity">
    update dept_user_connect_record
    <set>
      <if test="activeTime != null">
        active_time = #{activeTime,jdbcType=TIMESTAMP},
      </if>
      <if test="breakTime != null">
        break_time = #{breakTime,jdbcType=TIMESTAMP},
      </if>
      <if test="breakType != null">
        break_type = #{breakType,jdbcType=TINYINT},
      </if>
      <if test="remark != null">
        remark = #{remark,jdbcType=VARCHAR},
      </if>
    </set>
    where session_id = #{sessionId}
  </update>
</mapper>