<?xml version="1.0" encoding="UTF-8"?>
<!DOCTYPE mapper PUBLIC "-//mybatis.org//DTD Mapper 3.0//EN" "http://mybatis.org/dtd/mybatis-3-mapper.dtd">
<mapper namespace="com.jiahui.im.modules.common.mapper.DeptUserUnboundMapper">
  <resultMap id="BaseResultMap" type="com.jiahui.im.modules.common.entity.DeptUserUnboundEntity">
    <id column="id" jdbcType="BIGINT" property="id" />
    <result column="user_id" jdbcType="BIGINT" property="userId" />
    <result column="dept_id" jdbcType="BIGINT" property="deptId" />
    <result column="create_time" jdbcType="TIMESTAMP" property="createTime" />
    <result column="update_time" jdbcType="TIMESTAMP" property="updateTime" />
    <result column="user_question_time" jdbcType="TIMESTAMP" property="userQuestionTime" />
  </resultMap>
  <sql id="Base_Column_List">
    id, user_id, dept_id, create_time, update_time ,user_question_time
  </sql>
  <insert id="insertSelective" parameterType="com.jiahui.im.modules.common.entity.DeptUserUnboundEntity">
    insert into dept_user_unbound
    <trim prefix="(" suffix=")" suffixOverrides=",">
      <if test="id != null">
        id,
      </if>
      <if test="userId != null">
        user_id,
      </if>
      <if test="deptId != null">
        dept_id,
      </if>
      <if test="userQuestionTime != null">
        user_question_time,
      </if>
    </trim>
    <trim prefix="values (" suffix=")" suffixOverrides=",">
      <if test="id != null">
        #{id,jdbcType=BIGINT},
      </if>
      <if test="userId != null">
        #{userId,jdbcType=BIGINT},
      </if>
      <if test="deptId != null">
        #{deptId,jdbcType=BIGINT},
      </if>
      <if test="userQuestionTime != null">
        #{userQuestionTime,jdbcType=TIMESTAMP},
      </if>
    </trim>
  </insert>

  <select id="selectByUk" resultMap="BaseResultMap">
    select
    <include refid="Base_Column_List" />
    from dept_user_unbound
    where user_id = #{userId}
    and dept_id = #{deptId}
    limit 1
  </select>

  <select id="countByDeptId" resultType="java.lang.Integer">
    select count(*)
    from dept_user_unbound
    where dept_id = #{deptId}
  </select>
</mapper>