<?xml version="1.0" encoding="UTF-8"?>
<!DOCTYPE mapper PUBLIC "-//mybatis.org//DTD Mapper 3.0//EN" "http://mybatis.org/dtd/mybatis-3-mapper.dtd">
<mapper namespace="com.jiahui.im.modules.common.mapper.DeptUserBindingMapper">
  <resultMap id="BaseResultMap" type="com.jiahui.im.modules.common.entity.DeptUserBindingEntity">
    <id column="id" jdbcType="BIGINT" property="id" />
    <result column="user_id" jdbcType="BIGINT" property="userId" />
    <result column="dept_id" jdbcType="BIGINT" property="deptId" />
    <result column="kefu_id" jdbcType="BIGINT" property="kefuId" />
    <result column="create_time" jdbcType="TIMESTAMP" property="createTime" />
    <result column="update_time" jdbcType="TIMESTAMP" property="updateTime" />
  </resultMap>
  <sql id="Base_Column_List">
    id, user_id, dept_id, kefu_id, create_time, update_time
  </sql>

  <select id="selectByUk" resultMap="BaseResultMap">
    select
    <include refid="Base_Column_List" />
    from dept_user_binding
    where user_id = #{userId}
    and dept_id = #{deptId}
    limit 1
  </select>
</mapper>