<?xml version="1.0" encoding="UTF-8"?>
<!DOCTYPE mapper PUBLIC "-//mybatis.org//DTD Mapper 3.0//EN" "http://mybatis.org/dtd/mybatis-3-mapper.dtd">
<mapper namespace="com.jiahui.im.modules.common.mapper.SysDeptConfigureMapper">
  <resultMap id="BaseResultMap" type="com.jiahui.im.modules.common.entity.SysDeptConfigureEntity">
    <id column="id" jdbcType="BIGINT" property="id" />
    <result column="dept_id" jdbcType="BIGINT" property="deptId" />
    <result column="dept_name" jdbcType="VARCHAR" property="deptName" />
    <result column="head_url" jdbcType="VARCHAR" property="headUrl" />
    <result column="is_msg_top" jdbcType="TINYINT" property="isMsgTop" />
    <result column="msg_top_minute" jdbcType="INTEGER" property="msgTopMinute" />
    <result column="is_auto_exit" jdbcType="TINYINT" property="isAutoExit" />
    <result column="auto_exit_minute" jdbcType="INTEGER" property="autoExitMinute" />
    <result column="auto_exit_msg" jdbcType="VARCHAR" property="autoExitMsg" />
    <result column="is_auto_push" jdbcType="TINYINT" property="isAutoPush" />
    <result column="auto_push_msg" jdbcType="VARCHAR" property="autoPushMsg" />
    <result column="working_start_time" jdbcType="INTEGER" property="workingStartTime" />
    <result column="working_end_time" jdbcType="INTEGER" property="workingEndTime" />
    <result column="is_nonworking_reply" jdbcType="TINYINT" property="isNonworkingReply" />
    <result column="nonworking_reply_msg" jdbcType="VARCHAR" property="nonworkingReplyMsg" />
    <result column="create_time" jdbcType="TIMESTAMP" property="createTime" />
    <result column="update_time" jdbcType="TIMESTAMP" property="updateTime" />
  </resultMap>
  <sql id="Base_Column_List">
    id, dept_id, dept_name, head_url, is_msg_top, msg_top_minute, is_auto_exit, auto_exit_minute, auto_exit_msg, is_auto_push, auto_push_msg,
    working_start_time, working_end_time, is_nonworking_reply, nonworking_reply_msg, create_time, update_time
  </sql>
  <select id="selectByDeptId" parameterType="java.lang.Long" resultMap="BaseResultMap">
    select
    <include refid="Base_Column_List" />
    from sys_dept_configure
    where dept_id = #{deptId,jdbcType=BIGINT} limit 1
  </select>
</mapper>