<?xml version="1.0" encoding="UTF-8"?>
<!DOCTYPE mapper PUBLIC "-//mybatis.org//DTD Mapper 3.0//EN" "http://mybatis.org/dtd/mybatis-3-mapper.dtd">
<mapper namespace="com.jiahui.im.modules.common.mapper.UserMapper">
  <resultMap id="BaseResultMap" type="com.jiahui.im.modules.common.entity.UserEntity">
    <id column="id" jdbcType="BIGINT" property="id" />
    <result column="user_name" jdbcType="VARCHAR" property="userName" />
    <result column="account_id" jdbcType="BIGINT" property="accountId" />
    <result column="mrn" jdbcType="VARCHAR" property="mrn" />
    <result column="patient_name" jdbcType="VARCHAR" property="patientName" />
    <result column="mobile" jdbcType="VARCHAR" property="mobile" />
    <result column="nationality_code" jdbcType="VARCHAR" property="nationalityCode" />
    <result column="nationality" jdbcType="VARCHAR" property="nationality" />
    <result column="terminal_code" jdbcType="VARCHAR" property="terminalCode" />
    <result column="terminal" jdbcType="VARCHAR" property="terminal" />
    <result column="register_time" jdbcType="TIMESTAMP" property="registerTime" />
    <result column="bind_count" jdbcType="INTEGER" property="bindCount" />
    <result column="remark" jdbcType="VARCHAR" property="remark" />
    <result column="nick_name" jdbcType="VARCHAR" property="nickName" />
    <result column="gender" jdbcType="VARCHAR" property="gender" />
    <result column="head_url" jdbcType="VARCHAR" property="headUrl" />
    <result column="create_time" jdbcType="TIMESTAMP" property="createTime" />
    <result column="update_time" jdbcType="TIMESTAMP" property="updateTime" />
    <result column="birthday" jdbcType="TIMESTAMP" property="birthday" />
    <result column="status" jdbcType="TINYINT" property="status"/>
  </resultMap>
  <sql id="Base_Column_List">
    id, user_name, account_id, mrn, patient_name, mobile, nationality_code, nationality, terminal_code, terminal, register_time, bind_count, remark, nick_name,
    gender, head_url, create_time, update_time, birthday, `status`
  </sql>
  <select id="selectByPrimaryKey" parameterType="java.lang.Long" resultMap="BaseResultMap">
    select
    <include refid="Base_Column_List" />
    from user
    where id = #{id,jdbcType=BIGINT}
  </select>
  <insert id="insertSelective" parameterType="com.jiahui.im.modules.common.entity.UserEntity" useGeneratedKeys = "true" keyProperty = "id">
    insert into user
    <trim prefix="(" suffix=")" suffixOverrides=",">
      <if test="id != null">
        id,
      </if>
      <if test="userName != null">
        user_name,
      </if>
      <if test="accountId != null">
        account_id,
      </if>
      <if test="mrn != null">
        mrn,
      </if>
      <if test="patientName != null">
        patient_name,
      </if>
      <if test="mobile != null">
        mobile,
      </if>
      <if test="nationalityCode != null">
        nationality_code,
      </if>
      <if test="nationality != null">
        nationality,
      </if>
      <if test="terminalCode != null">
        terminal_code,
      </if>
      <if test="terminal != null">
        terminal,
      </if>
      <if test="registerTime != null">
        register_time,
      </if>
      <if test="bindCount != null">
        bind_count,
      </if>
      <if test="remark != null">
        remark,
      </if>
      <if test="nickName != null">
        nick_name,
      </if>
      <if test="gender != null">
        gender,
      </if>
      <if test="headUrl != null">
        head_url,
      </if>
      <if test="createTime != null">
        create_time,
      </if>
      <if test="updateTime != null">
        update_time,
      </if>
      <if test="birthday != null">
        birthday,
      </if>
      <if test="status != null">
        `status`,
      </if>
    </trim>
    <trim prefix="values (" suffix=")" suffixOverrides=",">
      <if test="id != null">
        #{id,jdbcType=BIGINT},
      </if>
      <if test="userName != null">
        #{userName,jdbcType=VARCHAR},
      </if>
      <if test="accountId != null">
        #{accountId,jdbcType=BIGINT},
      </if>
      <if test="mrn != null">
        #{mrn,jdbcType=VARCHAR},
      </if>
      <if test="patientName != null">
        #{patientName,jdbcType=VARCHAR},
      </if>
      <if test="mobile != null">
        #{mobile,jdbcType=VARCHAR},
      </if>
      <if test="nationalityCode != null">
        #{nationalityCode,jdbcType=VARCHAR},
      </if>
      <if test="nationality != null">
        #{nationality,jdbcType=VARCHAR},
      </if>
      <if test="terminalCode != null">
        #{terminalCode,jdbcType=VARCHAR},
      </if>
      <if test="terminal != null">
        #{terminal,jdbcType=VARCHAR},
      </if>
      <if test="registerTime != null">
        #{registerTime,jdbcType=TIMESTAMP},
      </if>
      <if test="bindCount != null">
        #{bindCount,jdbcType=INTEGER},
      </if>
      <if test="remark != null">
        #{remark,jdbcType=VARCHAR},
      </if>
      <if test="nickName != null">
        #{nickName,jdbcType=VARCHAR},
      </if>
      <if test="gender != null">
        #{gender,jdbcType=VARCHAR},
      </if>
      <if test="headUrl != null">
        #{headUrl,jdbcType=VARCHAR},
      </if>
      <if test="createTime != null">
        #{createTime,jdbcType=TIMESTAMP},
      </if>
      <if test="updateTime != null">
        #{updateTime,jdbcType=TIMESTAMP},
      </if>
      <if test="birthday != null">
        #{birthday,jdbcType=TIMESTAMP},
      </if>
      <if test="status != null">
        #{status,jdbcType=TINYINT},
      </if>
    </trim>
  </insert>
  <update id="updateByPrimaryKeySelective" parameterType="com.jiahui.im.modules.common.entity.UserEntity">
    update user
    <set>
      <if test="userName != null">
        user_name = #{userName,jdbcType=VARCHAR},
      </if>
      <if test="accountId != null">
        account_id = #{accountId,jdbcType=BIGINT},
      </if>
      <if test="mrn != null">
        mrn = #{mrn,jdbcType=VARCHAR},
      </if>
      <if test="patientName != null and patientName != ''">
        patient_name = #{patientName,jdbcType=VARCHAR},
      </if>
      <if test="mobile != null">
        mobile = #{mobile,jdbcType=VARCHAR},
      </if>
      <if test="nationalityCode != null">
        nationality_code = #{nationalityCode,jdbcType=VARCHAR},
      </if>
      <if test="nationality != null">
        nationality = #{nationality,jdbcType=VARCHAR},
      </if>
      <if test="terminalCode != null">
        terminal_code = #{terminalCode,jdbcType=VARCHAR},
      </if>
      <if test="terminal != null">
        terminal = #{terminal,jdbcType=VARCHAR},
      </if>
      <if test="registerTime != null">
        register_time = #{registerTime,jdbcType=TIMESTAMP},
      </if>
      <if test="bindCount != null">
        bind_count = #{bindCount,jdbcType=INTEGER},
      </if>
      <if test="remark != null">
        remark = #{remark,jdbcType=VARCHAR},
      </if>
      <if test="nickName != null">
        nick_name = #{nickName,jdbcType=VARCHAR},
      </if>
      <if test="gender != null">
        gender = #{gender,jdbcType=VARCHAR},
      </if>
      <if test="headUrl != null">
        head_url = #{headUrl,jdbcType=VARCHAR},
      </if>
      <if test="createTime != null">
        create_time = #{createTime,jdbcType=TIMESTAMP},
      </if>
      <if test="updateTime != null">
        update_time = #{updateTime,jdbcType=TIMESTAMP},
      </if>
      <if test="birthday != null">
        birthday = #{birthday,jdbcType=TIMESTAMP},
      </if>
      <if test="status != null">
        `status` = #{status,jdbcType=TINYINT},
      </if>
    </set>
    where id = #{id,jdbcType=BIGINT}
  </update>

  <select id="selectByAccountId" parameterType="java.lang.Long" resultMap="BaseResultMap">
    select
    <include refid="Base_Column_List" />
    from user
    where account_id = #{accountId}
    limit 1
  </select>
</mapper>